-- MySQL dump 10.13  Distrib 8.0.32, for Win64 (x86_64)
--
-- Host: localhost    Database: nextview
-- ------------------------------------------------------
-- Server version	8.0.32

/*!40101 SET @OLD_CHARACTER_SET_CLIENT=@@CHARACTER_SET_CLIENT */;
/*!40101 SET @OLD_CHARACTER_SET_RESULTS=@@CHARACTER_SET_RESULTS */;
/*!40101 SET @OLD_COLLATION_CONNECTION=@@COLLATION_CONNECTION */;
/*!50503 SET NAMES utf8 */;
/*!40103 SET @OLD_TIME_ZONE=@@TIME_ZONE */;
/*!40103 SET TIME_ZONE='+00:00' */;
/*!40014 SET @OLD_UNIQUE_CHECKS=@@UNIQUE_CHECKS, UNIQUE_CHECKS=0 */;
/*!40014 SET @OLD_FOREIGN_KEY_CHECKS=@@FOREIGN_KEY_CHECKS, FOREIGN_KEY_CHECKS=0 */;
/*!40101 SET @OLD_SQL_MODE=@@SQL_MODE, SQL_MODE='NO_AUTO_VALUE_ON_ZERO' */;
/*!40111 SET @OLD_SQL_NOTES=@@SQL_NOTES, SQL_NOTES=0 */;

--
-- Table structure for table `categoria`
--

DROP TABLE IF EXISTS `categoria`;
/*!40101 SET @saved_cs_client     = @@character_set_client */;
/*!50503 SET character_set_client = utf8mb4 */;
CREATE TABLE `categoria` (
  `idCategoria` int NOT NULL AUTO_INCREMENT,
  `nombre` varchar(50) NOT NULL,
  `icon` varchar(45) DEFAULT NULL,
  `cantidad` varchar(45) DEFAULT NULL,
  PRIMARY KEY (`idCategoria`),
  UNIQUE KEY `nombre` (`nombre`)
) ENGINE=InnoDB AUTO_INCREMENT=11 DEFAULT CHARSET=utf8mb4 COLLATE=utf8mb4_0900_ai_ci;
/*!40101 SET character_set_client = @saved_cs_client */;

--
-- Dumping data for table `categoria`
--

LOCK TABLES `categoria` WRITE;
/*!40000 ALTER TABLE `categoria` DISABLE KEYS */;
INSERT INTO `categoria` VALUES (1,'Películas','?','1'),(2,'Series','?','2'),(3,'Anime','?','3'),(4,'Doramas','?','4'),(5,'Telenovelas','?','5'),(6,'Documentales','?️','6'),(7,'Programas TV','?','7'),(8,'Infantil','?','8'),(9,'Reality Shows','?','9'),(10,'Stand-up Comedy','?','10');
/*!40000 ALTER TABLE `categoria` ENABLE KEYS */;
UNLOCK TABLES;

--
-- Table structure for table `contenido`
--

DROP TABLE IF EXISTS `contenido`;
/*!40101 SET @saved_cs_client     = @@character_set_client */;
/*!50503 SET character_set_client = utf8mb4 */;
CREATE TABLE `contenido` (
  `idContenido` int NOT NULL AUTO_INCREMENT,
  `title` varchar(255) NOT NULL,
  `image` varchar(500) DEFAULT NULL,
  `rating` decimal(2,1) DEFAULT NULL,
  `year` int DEFAULT NULL,
  `descripcion` text,
  `duracion` varchar(20) DEFAULT NULL,
  `temporadas` int DEFAULT NULL,
  `episodios` int DEFAULT NULL,
  `isNew` tinyint(1) DEFAULT '0',
  `isPopular` tinyint(1) DEFAULT '0',
  `isTrending` tinyint(1) DEFAULT '0',
  `isExclusive` tinyint(1) DEFAULT '0',
  `isFavorito` tinyint(1) DEFAULT '0',
  `idCategoria` int NOT NULL,
  PRIMARY KEY (`idContenido`),
  KEY `idCategoria` (`idCategoria`),
  CONSTRAINT `contenido_ibfk_1` FOREIGN KEY (`idCategoria`) REFERENCES `categoria` (`idCategoria`)
) ENGINE=InnoDB AUTO_INCREMENT=111 DEFAULT CHARSET=utf8mb4 COLLATE=utf8mb4_0900_ai_ci;
/*!40101 SET character_set_client = @saved_cs_client */;

--
-- Dumping data for table `contenido`
--

LOCK TABLES `contenido` WRITE;
/*!40000 ALTER TABLE `contenido` DISABLE KEYS */;
INSERT INTO `contenido` VALUES (1,'Spider-Man: Saga Completa','https://image.tmdb.org/t/p/w500/1g0dhYtq4irTY1GPXvft6k4YLjm.jpg',8.2,2021,'Todas las películas de Spider-Man incluyendo las de Tobey Maguire, Andrew Garfield y Tom Holland.','148 min',1,8,1,1,1,1,1,1),(2,'Avengers: Saga Completa','https://image.tmdb.org/t/p/w500/or06FN3Dka5tukK1e9sl16pB3iy.jpg',8.4,2019,'Las 4 películas de Avengers que culminan con Endgame y el enfrentamiento épico con Thanos.','181 min',1,4,0,1,1,0,1,1),(3,'Batman: The Dark Knight Trilogy','https://image.tmdb.org/t/p/w500/74xTEgt7R36Fpooo50r9T25onhq.jpg',8.9,2012,'La trilogía completa de Christopher Nolan con Christian Bale como el Caballero de la Noche.','165 min',1,3,0,1,1,0,1,1),(4,'Jurassic Park: Saga Completa','https://image.tmdb.org/t/p/w500/jjBgi2r5cRt36xF6iNUEhzscEcb.jpg',7.5,2015,'Las 6 películas de Jurassic Park y Jurassic World, desde el parque original hasta Dominion.','124 min',1,6,0,1,0,0,1,1),(5,'Harry Potter: Saga Completa','https://image.tmdb.org/t/p/w500/8Qsr8pvDL3s1jNZQ4HK1d1Xlvnh.jpg',8.1,2011,'Las 8 películas que siguen la historia completa de Harry Potter desde la piedra filosofal.','152 min',1,8,0,1,0,0,1,1),(6,'Fast & Furious: Saga Completa','https://image.tmdb.org/t/p/w500/2k9tBql5YHpG3doavzOtNVZwdPz.jpg',7.2,2021,'Las 10 películas de la familia Toretto y sus aventuras en el mundo de las carreras callejeras.','130 min',1,10,1,1,1,0,1,1),(7,'Star Wars: Saga Skywalker','https://image.tmdb.org/t/p/w500/6t8ES1d12OzWyCGxBeDYLHoaDrT.jpg',8.6,2019,'Las 9 películas principales de Star Wars que completan la saga de la familia Skywalker.','142 min',1,9,0,1,0,0,1,1),(8,'The Lord of the Rings: Trilogía','https://image.tmdb.org/t/p/w500/6oom5QYQ2yQTMJIbnvbkBL9cHo6.jpg',8.8,2003,'La trilogía completa de El Señor de los Anillos: La Comunidad, Las Dos Torres y El Retorno.','178 min',1,3,0,1,0,0,1,1),(9,'Iron Man: Trilogía','https://image.tmdb.org/t/p/w500/78lPtwv72eTNqFW9COBYI0dWDJa.jpg',7.9,2013,'Las 3 películas de Iron Man con Robert Downey Jr. como Tony Stark.','126 min',1,3,0,1,0,0,1,1),(10,'Mission: Impossible: Saga','https://image.tmdb.org/t/p/w500/7D6hM7IR0TbQmNvSZVtEiPM3H5h.jpg',7.7,2023,'Las 7 películas de Mission: Impossible con Tom Cruise como Ethan Hunt.','148 min',1,7,1,1,1,0,1,1),(11,'John Wick: Saga Completa','https://image.tmdb.org/t/p/w500/8Z7d4S9vAMkDAw58Heh4AJc2xrL.jpg',7.8,2023,'Las 4 películas de John Wick con Keanu Reeves como el legendario asesino.','131 min',1,4,1,1,1,1,1,1),(12,'Transformers: Saga Completa','https://image.tmdb.org/t/p/w500/6eehp9I54syN3x753XMqjKz8M3F.jpg',6.8,2017,'Las 7 películas de Transformers con Optimus Prime, Bumblebee y los Autobots vs Decepticons.','144 min',1,7,0,1,0,0,0,1),(13,'Pirates of the Caribbean: Saga','https://image.tmdb.org/t/p/w500/6t8ES1d12OzWyCGxBeDYLHoaDrT.jpg',7.5,2017,'Las 5 películas de Pirates of the Caribbean con Johnny Depp como Jack Sparrow.','143 min',1,5,0,1,0,0,1,1),(14,'X-Men: Saga Completa','https://image.tmdb.org/t/p/w500/6oom5QYQ2yQTMJIbnvbkBL9cHo6.jpg',7.6,2019,'Las 13 películas de X-Men incluyendo las trilogías originales, Wolverine y prequeles.','137 min',1,13,0,1,0,0,1,1),(15,'The Matrix: Tetralogía','https://image.tmdb.org/t/p/w500/8c4a8kE7PizaGQQnditMmI1xbRp.jpg',8.7,2021,'Las 4 películas de The Matrix con Keanu Reeves como Neo y el mundo de la simulación.','148 min',1,4,1,1,1,0,1,1),(16,'James Bond: Colección','https://image.tmdb.org/t/p/w500/i0sF96v6e9X1ZJZc6OQGcK4yF3q.jpg',7.5,2021,'25 películas de James Bond desde Sean Connery hasta Daniel Craig como el agente 007.','143 min',1,25,0,1,0,0,1,1),(17,'Marvel Cinematic Universe: Fase 1','https://image.tmdb.org/t/p/w500/6oom5QYQ2yQTMJIbnvbkBL9cHo6.jpg',8.2,2012,'Las 6 películas que iniciaron el MCU: Iron Man, Hulk, Thor, Capitán América y Avengers.','130 min',1,6,0,1,0,0,1,1),(18,'DC Extended Universe: Colección','https://image.tmdb.org/t/p/w500/8c4a8kE7PizaGQQnditMmI1xbRp.jpg',7.1,2023,'Las 10 películas del DCEU incluyendo Superman, Batman, Wonder Woman y Justice League.','141 min',1,10,1,1,1,0,0,1),(19,'Toy Story: Saga Completa','https://image.tmdb.org/t/p/w500/uXDfjJbdP4ijW5hWSBrPrlKpxab.jpg',8.3,2019,'Las 4 películas de Toy Story con Woody, Buzz Lightyear y las aventuras de los juguetes.','100 min',1,4,0,1,0,0,1,1),(20,'The Hunger Games: Saga','https://image.tmdb.org/t/p/w500/iQYVFwPkA8XH1c46Wn6KORg0Tdm.jpg',7.2,2015,'Las 4 películas de The Hunger Games con Jennifer Lawrence como Katniss Everdeen.','142 min',1,4,0,1,0,0,1,1),(21,'Stranger Things','https://image.tmdb.org/t/p/w500/49WJfeN0moxb9IPfGn8AIqMGskD.jpg',8.7,2016,'Cuando un niño desaparece, un pueblo descubre un misterio que involucra experimentos secretos y fuerzas sobrenaturales.','50 min',4,34,0,1,1,1,1,2),(22,'The Mandalorian','https://image.tmdb.org/t/p/w500/sWgBv7LV2PRoQgkxwlibdGXKz1S.jpg',8.5,2019,'Las aventuras de un pistolero solitario en los confines de la galaxia, lejos de la autoridad de la Nueva República.','38 min',3,24,1,1,1,1,1,2),(23,'Breaking Bad','https://image.tmdb.org/t/p/w500/ggFHVNu6YYI5L9pCfOacjizRGt.jpg',9.5,2008,'Un profesor de química con cáncer se asocia con un exalumno para fabricar y vender metanfetamina.','49 min',5,62,0,1,0,0,1,2),(24,'Game of Thrones','https://image.tmdb.org/t/p/w500/u3bZgnGQ9T01sWNhyveQz0wH0Hl.jpg',9.3,2011,'Nueve familias nobles luchan por el control de las tierras de Westeros, mientras un antiguo enemigo regresa.','57 min',8,73,0,1,0,0,1,2),(25,'The Crown','https://image.tmdb.org/t/p/w500/1M876KPjulVwppEpldhdc8V4o68.jpg',8.7,2016,'Sigue el reinado de la Reina Isabel II y los eventos que moldearon la segunda mitad del siglo XX.','58 min',5,50,1,1,1,1,0,2),(26,'The Witcher','https://image.tmdb.org/t/p/w500/7vjaCdMw15FEbXyLQTVa04URsPm.jpg',8.2,2019,'Geralt de Rivia, un cazador de monstruos mutante, viaja en busca de su destino en un mundo turbulento.','60 min',3,24,1,1,1,1,1,2),(27,'Money Heist','https://image.tmdb.org/t/p/w500/reEMJA1uzscCbkpeRJeTT2bjqUp.jpg',8.3,2017,'Ocho ladrones toman rehenes en la Fábrica Nacional de Moneda de España mientras su líder manipula a la policía.','70 min',5,41,0,1,0,0,1,2),(28,'The Last of Us','https://image.tmdb.org/t/p/w500/uKvVjHNqB5VmOrdxqAt2F7J78ED.jpg',9.1,2023,'Veinte años después de que una pandemia destruyera la civilización, un hombre se encarga de conducir a una niña.','55 min',1,9,1,1,1,1,1,2),(29,'Wednesday','https://image.tmdb.org/t/p/w500/9PFonBhy4xuQSSGM3sEmmrAlhM7.jpg',8.7,2022,'Mientras asiste a la Academia Nevermore, Wednesday Addams intenta dominar su poder psíquico.','50 min',1,8,1,1,1,1,1,2),(30,'The Boys','https://image.tmdb.org/t/p/w500/stTEy3GgqCtG7B8I48PNQVfIyeB.jpg',8.7,2019,'Un grupo de vigilantes se propone derribar superhéroes corruptos que abusan de sus superpoderes.','60 min',3,24,1,1,1,1,1,2),(31,'Attack on Titan','https://th.bing.com/th/id/R.02197f7c5db0764b76b8721f418b0c9e?rik=pAoABQgnzK8aTw&pid=ImgRaw&r=0',9.1,2013,'En un mundo donde la humanidad vive dentro de ciudades rodeadas por muros para protegerse de titanes.','24 min',4,87,0,1,1,0,1,3),(32,'Demon Slayer','https://image.tmdb.org/t/p/w500/nTvM4mhqNlHIvUkI1gVnW6XP7GG.jpg',8.7,2019,'Tanjiro emprende un viaje para convertirse en un cazador de demonios después de que su familia fuera masacrada.','24 min',3,55,1,1,1,1,1,3),(33,'One Piece','https://image.tmdb.org/t/p/w500/4Mt7WHox67uJ1yErwTBFcV8KWgF.jpg',8.7,1999,'Monkey D. Luffy y su tripulación pirata exploran el Grand Line en busca del tesoro definitivo.','24 min',20,1070,0,1,0,0,1,3),(34,'My Hero Academia','https://image.tmdb.org/t/p/w500/8C5gYahMFmzHKGNID8QrG5t25WU.jpg',8.4,2016,'Un niño sin poderes en un mundo superpoblado sueña con convertirse en un héroe.','24 min',6,138,1,1,1,0,1,3),(35,'Naruto Shippuden','https://image.tmdb.org/t/p/w500/zAYRe2bJxpWTVrwwmBc00VFkAf4.jpg',8.7,2007,'Naruto Uzumaki regresa a Konoha después de dos años de entrenamiento listo para enfrentar nuevos desafíos.','24 min',21,500,0,1,0,0,1,3),(36,'Jujutsu Kaisen','https://image.tmdb.org/t/p/w500/g1rK2nRXUBr5KdE1C53JC5HmJEM.jpg',8.7,2020,'Yuuji Itadori se une al club oculto de su escuela y se enfrenta a maldiciones y hechiceros.','24 min',2,47,1,1,1,1,1,3),(37,'Death Note','https://image.tmdb.org/t/p/w500/iigTJJskR1PcjjXqxdyJwVB3BoU.jpg',9.0,2006,'Un estudiante de secundaria descubre un cuaderno sobrenatural que le permite matar a cualquiera.','24 min',1,37,0,1,0,0,1,3),(38,'Tokyo Revengers','https://image.tmdb.org/t/p/w500/uFTwhGOQM8cG51d3JR6D8T2dgDU.jpg',8.3,2021,'Takemichi viaja en el tiempo para salvar a su novia de la escuela secundaria de un trágico destino.','24 min',2,37,1,1,1,0,0,3),(39,'Spy x Family','https://image.tmdb.org/t/p/w500/3r4LYFuXrg3G8fepswrcAMznTow.jpg',8.7,2022,'Un espía se hace pasar por padre de familia para una misión, sin saber que su hija es telépata.','24 min',2,25,1,1,1,1,1,3),(40,'Chainsaw Man','https://image.tmdb.org/t/p/w500/npwgq2cE1ZqP6xbK4tHGeQJllbO.jpg',8.7,2022,'Denji se fusiona con su mascota demonio y se convierte en Chainsaw Man para cumplir sus sueños.','24 min',1,12,1,1,1,1,1,3),(41,'Crash Landing on You','https://th.bing.com/th/id/OIP.7Rg-tpGxkyMz51GGeY7vagHaE8?o=7rm=3&rs=1&pid=ImgDetMain&o=7&rm=3',8.7,2019,'Una heredera surcoreana tiene un accidente de parapente y aterriza en Corea del Norte.','70 min',1,16,0,1,1,0,1,4),(42,'Goblin','https://image.tmdb.org/t/p/w500/4ZJ5qg8kPm19N5z4dF1DLqL6NfH.jpg',8.7,2016,'Un inmortal goblin busca a su novia humana para poner fin a su inmortalidad.','70 min',1,16,0,1,0,0,1,4),(43,'Descendants of the Sun','https://image.tmdb.org/t/p/w500/6gM5v1b4sQvbX4vD8vZvD9uP3Uy.jpg',8.3,2016,'Un soldado de fuerzas especiales y un médico se enamoran en una zona de guerra.','60 min',1,16,0,1,0,0,1,4),(44,'Itaewon Class','https://image.tmdb.org/t/p/w500/7hZ41P7PVTu3vgjTfRcG6mCkURp.jpg',8.3,2020,'Un exconvicto abre un restaurante en Itaewon mientras busca venganza contra un conglomerado.','70 min',1,16,0,1,0,0,1,4),(45,'Vincenzo','https://image.tmdb.org/t/p/w500/dvXJgEDQXbL5OtFd0GF2dNTg2Jc.jpg',8.5,2021,'Un consigliere mafioso coreano-italiano busca un tesoro escondido en Corea del Sur.','80 min',1,20,1,1,1,0,1,4),(46,'Squid Game','https://image.tmdb.org/t/p/w500/dDlEmu3EZ0Pgg93K2SVNLCjCSvE.jpg',8.3,2021,'Cientos de jugadores con problemas económicos aceptan una invitación a juegos infantiles mortales.','60 min',1,9,0,1,0,0,1,4),(47,'Hotel del Luna','https://image.tmdb.org/t/p/w500/92PJ7MUtqV5L3eUdX1J1bcaY4wV.jpg',8.3,2019,'Un hotel místico que solo atiende a fantasmas y su dueña inmortal que está atrapada allí.','70 min',1,16,0,1,0,0,1,4),(48,'Start-Up','https://image.tmdb.org/t/p/w500/6C6X3gVQj1n8deWDuajm4a7iH1v.jpg',8.0,2020,'Jóvenes emprendedores se embarcan en el desafiante mundo de las startups en Corea.','70 min',1,16,0,1,0,0,0,4),(49,'Hometown Cha-Cha-Cha','https://image.tmdb.org/t/p/w500/1UCO6RlEEvZGoH3b2hG6T2uZ61k.jpg',8.6,2021,'Una dentista de Seúl abre una clínica en un pueblo costero y conoce a un hombre multifacético.','70 min',1,16,1,1,1,0,1,4),(50,'Extraordinary Attorney Woo','https://image.tmdb.org/t/p/w500/8aXZ5l3v6vL28uNNJuXeL5h7T9L.jpg',8.9,2022,'Una abogada autista con un coeficiente intelectual alto enfrenta desafíos en un bufete de abogados.','70 min',1,16,1,1,1,1,1,4),(51,'La Usurpadora','https://tse4.mm.bing.net/th/id/OIP.RLe8Eb7wsfqUdjZTlF7f-QHaEK?rs=1&pid=ImgDetMain&o=7&rm=3',8.2,1998,'Dos hermanas gemelas separadas al nacer se reencuentran y una suplanta a la otra.','45 min',1,102,0,1,1,0,1,5),(52,'Rebelde','https://image.tmdb.org/t/p/w500/4ZJ5qg8kPm19N5z4dF1DLqL6NfH.jpg',7.8,2004,'Estudiantes de un exclusivo colegio forman una banda musical mientras enfrentan dramas adolescentes.','45 min',3,440,0,1,0,0,1,5),(53,'Rubí','https://image.tmdb.org/t/p/w500/6gM5v1b4sQvbX4vD8vZvD9uP3Uy.jpg',7.9,2004,'Una mujer hermosa pero ambiciosa usa su belleza para escalar socialmente sin importarle lastimar a otros.','45 min',1,115,0,1,0,0,1,5),(54,'María la del Barrio','https://image.tmdb.org/t/p/w500/7hZ41P7PVTu3vgjTfRcG6mCkURp.jpg',8.1,1995,'Una joven humilde se enamora de un hombre rico enfrentando el rechazo de la alta sociedad.','45 min',1,85,0,1,0,0,1,5),(55,'El Privilegio de Amar','https://image.tmdb.org/t/p/w500/dvXJgEDQXbL5OtFd0GF2dNTg2Jc.jpg',8.3,1998,'Una joven pobre logra cumplir su sueño de ser modelo mientras enfrenta numerosos obstáculos.','45 min',1,90,0,1,0,0,1,5),(56,'Teresa','https://image.tmdb.org/t/p/w500/d5NXSklXo0qyIYkgV94XAgMIckC.jpg',7.7,2010,'Una joven hermosa pero pobre está dispuesta a todo para salir de la pobreza.','45 min',1,121,0,1,0,0,0,5),(57,'Amor Real','https://image.tmdb.org/t/p/w500/62HCnUTziyWcpDaBO2i1DX17ljH.jpg',8.4,2003,'En el México del siglo XIX, una joven se casa por obligación pero termina enamorándose.','45 min',1,95,0,1,0,0,1,5),(58,'Corazón Salvaje','https://image.tmdb.org/t/p/w500/uxzzxijgPIY7slzFvMotPv8wjKA.jpg',8.6,1993,'Dos hermanas se enamoran del mismo hombre, un aventurero de corazón salvaje.','45 min',1,80,0,1,0,0,1,5),(59,'Abismo de Pasión','https://image.tmdb.org/t/p/w500/jjBgi2r5cRt36xF6iNUEhzscEcb.jpg',7.9,2012,'Dos familias poderosas se enfrentan por el amor de sus hijos y secretos del pasado.','45 min',1,161,0,1,0,0,0,5),(60,'La Madrastra','https://image.tmdb.org/t/p/w500/uDO8zWDhfWwoFdKS4fzkUJt0Rf0.jpg',7.8,2005,'Una mujer regresa después de 20 años para recuperar a sus hijos y desenmascarar al hombre que la traicionó.','45 min',1,80,0,1,0,0,1,5),(61,'Our Planet','https://image.tmdb.org/t/p/w500/3Tf8vXikYjHlo8c7T2ZcuCweOYv.jpg',9.3,2019,'Explora la belleza natural de nuestro planeta y cómo el cambio climático afecta a todos los seres vivos.','50 min',1,8,0,1,1,1,1,6),(62,'Cosmos: A Spacetime Odyssey','https://image.tmdb.org/t/p/w500/saHP97rTPS5eLmrLQEcANmKrsFl.jpg',9.3,2014,'Neil deGrasse Tyson guía a los espectadores a través del universo en este viaje científico.','44 min',1,13,0,1,0,0,1,6),(63,'The Last Dance','https://image.tmdb.org/t/p/w500/49WJfeN0moxb9IPfGn8AIqMGskD.jpg',9.1,2020,'La historia de Michael Jordan y los Chicago Bulls durante su temporada de campeonato 1997-98.','50 min',1,10,1,1,1,1,1,6),(64,'Making a Murderer','https://image.tmdb.org/t/p/w500/sWgBv7LV2PRoQgkxwlibdGXKz1S.jpg',8.6,2015,'Sigue el caso de Steven Avery, quien fue encarcelado injustamente y luego acusado de otro crimen.','60 min',2,20,0,1,0,0,1,6),(65,'Planet Earth II','https://image.tmdb.org/t/p/w500/ggFHVNu6YYI5L9pCfOacjizRGt.jpg',9.5,2016,'Un recorrido por los diversos hábitats de la Tierra, desde islas remotas hasta montañas imponentes.','58 min',1,6,0,1,0,0,1,6),(66,'The Social Dilemma','https://image.tmdb.org/t/p/w500/u3bZgnGQ9T01sWNhyveQz0wH0Hl.jpg',8.0,2020,'Expertos en tecnología alertan sobre los peligros de las redes sociales y la manipulación digital.','94 min',1,1,1,1,1,0,1,6),(67,'Free Solo','https://image.tmdb.org/t/p/w500/1M876KPjulVwppEpldhdc8V4o68.jpg',8.3,2018,'Sigue a Alex Honnold mientras intenta escalar El Capitán en Yosemite sin cuerdas ni equipo.','100 min',1,1,0,1,0,0,1,6),(68,'Seaspiracy','https://image.tmdb.org/t/p/w500/7vjaCdMw15FEbXyLQTVa04URsPm.jpg',8.2,2021,'Un documental que expone la pesca industrial y su impacto devastador en los ecosistemas marinos.','89 min',1,1,1,1,1,0,1,6),(69,'The Vietnam War','https://image.tmdb.org/t/p/w500/reEMJA1uzscCbkpeRJeTT2bjqUp.jpg',9.1,2017,'Una crónica exhaustiva de la Guerra de Vietnam desde múltiples perspectivas.','90 min',1,10,0,1,0,0,1,6),(70,'Human Planet','https://image.tmdb.org/t/p/w500/uKvVjHNqB5VmOrdxqAt2F7J78ED.jpg',8.9,2011,'Explora la relación entre la humanidad y la naturaleza en los entornos más extremos del planeta.','59 min',1,8,0,1,0,0,1,6),(71,'The Tonight Show Starring Jimmy Fallon','https://image.tmdb.org/t/p/w500/9PFonBhy4xuQSSGM3sEmmrAlhM7.jpg',7.2,2014,'Programa de entrevistas nocturno con comedia, música y conversaciones con celebridades.','60 min',10,2000,0,1,0,0,0,7),(72,'The Ellen DeGeneres Show','https://image.tmdb.org/t/p/w500/stTEy3GgqCtG7B8I48PNQVfIyeB.jpg',7.0,2003,'Programa de entrevistas diurno con segmentos de comedia, juegos y sorpresas para la audiencia.','60 min',19,3000,0,1,0,0,0,7),(73,'MasterChef','https://image.tmdb.org/t/p/w500/h8Rb1g1xdM16aTaB0VhvPOB2x8V.jpg',7.8,2010,'Concurso culinario donde chefs aficionados compiten por el título de MasterChef.','60 min',12,200,1,1,1,0,1,7),(74,'The Daily Show','https://image.tmdb.org/t/p/w500/nTvM4mhqNlHIvUkI1gVnW6XP7GG.jpg',7.5,1996,'Programa de noticias satírico que analiza eventos actuales con humor y perspectiva crítica.','30 min',27,4000,0,1,0,0,0,7),(75,'Saturday Night Live','https://image.tmdb.org/t/p/w500/4Mt7WHox67uJ1yErwTBFcV8KWgF.jpg',8.0,1975,'Programa de comedia en vivo con sketches, parodias políticas y actuaciones musicales.','90 min',48,900,1,1,1,0,1,7),(76,'The Late Show with Stephen Colbert','https://image.tmdb.org/t/p/w500/8C5gYahMFmzHKGNID8QrG5t25WU.jpg',7.4,2015,'Programa de entrevistas nocturno con monólogos cómicos y conversaciones con invitados famosos.','60 min',8,1500,0,1,0,0,0,7),(77,'Good Morning America','https://image.tmdb.org/t/p/w500/zAYRe2bJxpWTVrwwmBc00VFkAf4.jpg',6.8,1975,'Programa matutino de noticias y entretenimiento con cobertura de eventos actuales.','120 min',47,11000,0,1,0,0,0,7),(78,'The View','https://image.tmdb.org/t/p/w500/g1rK2nRXUBr5KdE1C53JC5HmJEM.jpg',6.5,1997,'Programa de entrevistas con un panel de mujeres que debaten sobre noticias y temas populares.','60 min',26,5000,0,1,0,0,0,7),(79,'Jimmy Kimmel Live!','https://image.tmdb.org/t/p/w500/iigTJJskR1PcjjXqxdyJwVB3BoU.jpg',7.1,2003,'Programa de entrevistas nocturno con comedia, sketches y conversaciones con celebridades.','60 min',20,3500,0,1,0,0,0,7),(80,'The Oprah Winfrey Show','https://image.tmdb.org/t/p/w500/uFTwhGOQM8cG51d3JR6D8T2dgDU.jpg',7.9,1986,'El icónico programa de entrevistas de Oprah Winfrey que revolucionó la televisión diurna.','60 min',25,4561,0,1,0,0,1,7),(81,'Peppa Pig','https://image.tmdb.org/t/p/w500/3r4LYFuXrg3G8fepswrcAMznTow.jpg',7.5,2004,'Las aventuras de Peppa, una cerdita antropomórfica, y su familia y amigos.','5 min',7,350,0,1,0,0,1,8),(82,'Paw Patrol','https://image.tmdb.org/t/p/w500/npwgq2cE1ZqP6xbK4tHGeQJllbO.jpg',7.8,2013,'Un niño de 10 años y su equipo de cachorros rescatan a quienes están en problemas en Bahía Aventura.','23 min',9,200,1,1,1,0,1,8),(83,'Bluey','https://image.tmdb.org/t/p/w500/5DUqPEBWEZ2h1k98O9RoqYc6f0y.jpg',9.5,2018,'Bluey es un perro Blue Heeler que vive con su familia y usa el juego para desarrollarse.','7 min',3,150,1,1,1,1,1,8),(84,'Cocomelon','https://image.tmdb.org/t/p/w500/4ZJ5qg8kPm19N5z4dF1DLqL6NfH.jpg',7.2,2006,'Canciones infantiles educativas y coloridas animaciones que enseñan letras, números y más.','3 min',10,500,0,1,0,0,1,8),(85,'Mickey Mouse Clubhouse','https://image.tmdb.org/t/p/w500/6gM5v1b4sQvbX4vD8vZvD9uP3Uy.jpg',7.6,2006,'Mickey y sus amigos resuelven problemas usando herramientas matemáticas en su clubhouse.','24 min',4,125,0,1,0,0,1,8),(86,'PJ Masks','https://image.tmdb.org/t/p/w500/7hZ41P7PVTu3vgjTfRcG6mCkURp.jpg',7.3,2015,'Tres niños de 6 años se convierten en superhéroes por la noche para combatir el mal.','22 min',5,130,1,1,1,0,0,8),(87,'Dora la Exploradora','https://image.tmdb.org/t/p/w500/dvXJgEDQXbL5OtFd0GF2dNTg2Jc.jpg',7.4,2000,'Dora y su amigo Boots el mono emprenden aventuras educativas en cada episodio.','24 min',8,178,0,1,0,0,1,8);
/*!40000 ALTER TABLE `contenido` ENABLE KEYS */;
UNLOCK TABLES;

--
-- Table structure for table `contenido_genero`
--

DROP TABLE IF EXISTS `contenido_genero`;
/*!40101 SET @saved_cs_client     = @@character_set_client */;
/*!50503 SET character_set_client = utf8mb4 */;
CREATE TABLE `contenido_genero` (
  `idContenido` int NOT NULL,
  `idGenero` int NOT NULL,
  PRIMARY KEY (`idContenido`,`idGenero`),
  KEY `idGenero` (`idGenero`),
  CONSTRAINT `contenido_genero_ibfk_1` FOREIGN KEY (`idContenido`) REFERENCES `contenido` (`idContenido`),
  CONSTRAINT `contenido_genero_ibfk_2` FOREIGN KEY (`idGenero`) REFERENCES `genero` (`idGenero`)
) ENGINE=InnoDB DEFAULT CHARSET=utf8mb4 COLLATE=utf8mb4_0900_ai_ci;
/*!40101 SET character_set_client = @saved_cs_client */;

--
-- Dumping data for table `contenido_genero`
--

LOCK TABLES `contenido_genero` WRITE;
/*!40000 ALTER TABLE `contenido_genero` DISABLE KEYS */;
INSERT INTO `contenido_genero` VALUES (1,1),(2,1),(3,1),(4,1),(6,1),(7,1),(9,1),(10,1),(11,1),(12,1),(14,1),(15,1),(16,1),(17,1),(18,1),(22,1),(30,1),(31,1),(32,1),(34,1),(35,1),(36,1),(40,1),(4,2),(5,2),(6,2),(8,2),(10,2),(12,2),(13,2),(16,2),(17,2),(19,2),(20,2),(22,2),(24,2),(26,2),(28,2),(32,2),(33,2),(35,2),(67,2),(82,2),(85,2),(86,2),(87,2),(19,3),(31,3),(32,3),(33,3),(34,3),(35,3),(36,3),(37,3),(38,3),(39,3),(40,3),(1,4),(2,4),(4,4),(7,4),(9,4),(12,4),(14,4),(15,4),(17,4),(18,4),(20,4),(21,4),(22,4),(28,4),(30,4),(38,4),(62,4),(66,4),(1,5),(9,5),(13,5),(19,5),(23,5),(29,5),(30,5),(33,5),(34,5),(39,5),(45,5),(49,5),(50,5),(71,5),(72,5),(74,5),(75,5),(76,5),(79,5),(81,5),(83,5),(3,6),(6,6),(11,6),(23,6),(27,6),(45,6),(64,6),(61,7),(62,7),(63,7),(64,7),(65,7),(66,7),(67,7),(68,7),(69,7),(70,7),(5,8),(8,8),(14,8),(18,8),(20,8),(21,8),(23,8),(24,8),(25,8),(26,8),(27,8),(28,8),(29,8),(38,8),(41,8),(43,8),(44,8),(46,8),(48,8),(50,8),(51,8),(52,8),(53,8),(54,8),(55,8),(56,8),(57,8),(58,8),(59,8),(60,8),(80,8),(2,9),(5,9),(7,9),(8,9),(13,9),(24,9),(26,9),(29,9),(31,9),(32,9),(33,9),(35,9),(36,9),(40,9),(42,9),(4,10),(21,11),(37,11),(41,12),(42,12),(43,12),(47,12),(48,12),(49,12),(51,12),(53,12),(54,12),(55,12),(56,12),(57,12),(58,12),(59,12),(60,12),(3,14),(10,14),(11,14),(16,14),(23,14),(27,14),(46,14),(64,14),(68,14),(52,16),(84,16),(8,17),(24,17),(25,17),(69,17),(69,18),(6,19),(63,19),(67,19),(73,19),(5,20),(13,20),(19,20),(39,20),(61,20),(65,20),(70,20),(81,20),(82,20),(83,20),(84,20),(85,20),(86,20),(87,20),(81,21),(82,21),(83,21),(84,21),(85,21),(86,21),(87,21),(73,22),(71,23),(72,23),(74,23),(75,23),(76,23),(77,23),(78,23),(79,23),(80,23),(25,24),(63,24),(11,31),(15,37),(37,37),(66,37),(7,40),(22,40),(1,41),(2,41),(3,41),(9,41),(14,41),(17,41),(18,41),(30,41),(34,41),(41,42),(42,42),(43,42),(44,42),(45,42),(46,42),(47,42),(48,42),(49,42),(50,42),(51,42),(52,42),(53,42),(54,42),(55,42),(56,42),(57,42),(58,42),(59,42),(60,42),(38,46),(44,46),(15,47),(20,48),(10,49),(16,49),(39,49),(26,50),(27,53),(12,55),(28,61),(31,61),(75,64),(21,65),(29,65),(36,65),(37,65),(40,65),(47,65);
/*!40000 ALTER TABLE `contenido_genero` ENABLE KEYS */;
UNLOCK TABLES;

--
-- Table structure for table `contenido_plan`
--

DROP TABLE IF EXISTS `contenido_plan`;
/*!40101 SET @saved_cs_client     = @@character_set_client */;
/*!50503 SET character_set_client = utf8mb4 */;
CREATE TABLE `contenido_plan` (
  `idContenido` int DEFAULT NULL,
  `idCategoria` int DEFAULT NULL,
  `idPlan` int NOT NULL,
  UNIQUE KEY `idContenido` (`idContenido`,`idCategoria`,`idPlan`),
  KEY `idCategoria` (`idCategoria`),
  KEY `idPlan` (`idPlan`),
  CONSTRAINT `contenido_plan_ibfk_1` FOREIGN KEY (`idContenido`) REFERENCES `contenido` (`idContenido`),
  CONSTRAINT `contenido_plan_ibfk_2` FOREIGN KEY (`idCategoria`) REFERENCES `categoria` (`idCategoria`),
  CONSTRAINT `contenido_plan_ibfk_3` FOREIGN KEY (`idPlan`) REFERENCES `plan` (`idPlan`)
) ENGINE=InnoDB DEFAULT CHARSET=utf8mb4 COLLATE=utf8mb4_0900_ai_ci;
/*!40101 SET character_set_client = @saved_cs_client */;

--
-- Dumping data for table `contenido_plan`
--

LOCK TABLES `contenido_plan` WRITE;
/*!40000 ALTER TABLE `contenido_plan` DISABLE KEYS */;
/*!40000 ALTER TABLE `contenido_plan` ENABLE KEYS */;
UNLOCK TABLES;

--
-- Table structure for table `cuenta`
--

DROP TABLE IF EXISTS `cuenta`;
/*!40101 SET @saved_cs_client     = @@character_set_client */;
/*!50503 SET character_set_client = utf8mb4 */;
CREATE TABLE `cuenta` (
  `idCuenta` int NOT NULL AUTO_INCREMENT,
  `idUsuario` int NOT NULL,
  `idPlan` int DEFAULT NULL,
  `fechaInicio` date NOT NULL,
  `fechaFin` date DEFAULT NULL,
  `estado` enum('activa','inactiva') DEFAULT 'activa',
  PRIMARY KEY (`idCuenta`),
  KEY `idUsuario` (`idUsuario`),
  KEY `cuenta_ibfk_2` (`idPlan`),
  CONSTRAINT `cuenta_ibfk_1` FOREIGN KEY (`idUsuario`) REFERENCES `usuario` (`idUsuario`),
  CONSTRAINT `cuenta_ibfk_2` FOREIGN KEY (`idPlan`) REFERENCES `plan` (`idPlan`)
) ENGINE=InnoDB AUTO_INCREMENT=6 DEFAULT CHARSET=utf8mb4 COLLATE=utf8mb4_0900_ai_ci;
/*!40101 SET character_set_client = @saved_cs_client */;

--
-- Dumping data for table `cuenta`
--

LOCK TABLES `cuenta` WRITE;
/*!40000 ALTER TABLE `cuenta` DISABLE KEYS */;
INSERT INTO `cuenta` VALUES (1,2,1,'2024-01-01','2024-02-01','activa'),(2,3,2,'2024-01-05','2024-02-05','activa'),(3,4,3,'2024-01-10','2024-02-10','activa'),(4,5,1,'2024-01-15','2024-02-15','activa'),(5,6,2,'2024-01-20','2024-02-20','activa');
/*!40000 ALTER TABLE `cuenta` ENABLE KEYS */;
UNLOCK TABLES;

--
-- Table structure for table `cuenta_perfil`
--

DROP TABLE IF EXISTS `cuenta_perfil`;
/*!40101 SET @saved_cs_client     = @@character_set_client */;
/*!50503 SET character_set_client = utf8mb4 */;
CREATE TABLE `cuenta_perfil` (
  `idCuentaPerfil` int NOT NULL AUTO_INCREMENT,
  `idCuenta` int NOT NULL,
  `nombre` varchar(50) NOT NULL,
  `avatar` varchar(45) DEFAULT NULL,
  PRIMARY KEY (`idCuentaPerfil`),
  KEY `idCuenta` (`idCuenta`),
  CONSTRAINT `cuenta_perfil_ibfk_1` FOREIGN KEY (`idCuenta`) REFERENCES `cuenta` (`idCuenta`)
) ENGINE=InnoDB AUTO_INCREMENT=19 DEFAULT CHARSET=utf8mb4 COLLATE=utf8mb4_0900_ai_ci;
/*!40101 SET character_set_client = @saved_cs_client */;

--
-- Dumping data for table `cuenta_perfil`
--

LOCK TABLES `cuenta_perfil` WRITE;
/*!40000 ALTER TABLE `cuenta_perfil` DISABLE KEYS */;
INSERT INTO `cuenta_perfil` VALUES (1,1,'Juan Principal','avatar1.jpg'),(2,1,'Juan Kids','avatar2.jpg'),(3,2,'María Principal','avatar3.jpg'),(4,2,'María Hijo','avatar4.jpg'),(5,2,'María Esposo','avatar5.jpg'),(6,2,'María Guest','avatar6.jpg'),(7,3,'Carlos Principal','avatar7.jpg'),(8,3,'Carlos Esposa','avatar8.jpg'),(9,3,'Carlos Hijo1','avatar9.jpg'),(10,3,'Carlos Hijo2','avatar10.jpg'),(11,3,'Carlos Parents','avatar11.jpg'),(12,3,'Carlos Guest','avatar12.jpg'),(13,4,'Ana Principal','avatar13.jpg'),(14,4,'Ana Secondary','avatar14.jpg'),(15,5,'Pedro Principal','avatar15.jpg'),(16,5,'Pedro Wife','avatar16.jpg'),(17,5,'Pedro Son','avatar17.jpg'),(18,5,'Pedro Daughter','avatar18.jpg');
/*!40000 ALTER TABLE `cuenta_perfil` ENABLE KEYS */;
UNLOCK TABLES;

--
-- Table structure for table `episodio`
--

DROP TABLE IF EXISTS `episodio`;
/*!40101 SET @saved_cs_client     = @@character_set_client */;
/*!50503 SET character_set_client = utf8mb4 */;
CREATE TABLE `episodio` (
  `idEpisodio` int NOT NULL AUTO_INCREMENT,
  `idTemporada` int NOT NULL,
  `capitulo` int NOT NULL,
  `title` varchar(255) NOT NULL,
  `image` varchar(500) DEFAULT NULL,
  `videoUrl` varchar(500) DEFAULT NULL,
  `duration` varchar(20) DEFAULT NULL,
  `views` varchar(50) DEFAULT NULL,
  PRIMARY KEY (`idEpisodio`),
  KEY `idTemporada` (`idTemporada`),
  CONSTRAINT `episodio_ibfk_1` FOREIGN KEY (`idTemporada`) REFERENCES `temporada` (`idTemporada`)
) ENGINE=InnoDB AUTO_INCREMENT=369 DEFAULT CHARSET=utf8mb4 COLLATE=utf8mb4_0900_ai_ci;
/*!40101 SET character_set_client = @saved_cs_client */;

--
-- Dumping data for table `episodio`
--

LOCK TABLES `episodio` WRITE;
/*!40000 ALTER TABLE `episodio` DISABLE KEYS */;
INSERT INTO `episodio` VALUES (1,1,1,'Spider-Man: Homecoming','/images/spiderman1.jpg','https://commondatastorage.googleapis.com/gtv-videos-bucket/sample/TearsOfSteel.mp4','133 min','15M'),(2,1,2,'Spider-Man: Far From Home','/images/spiderman2.jpg','https://commondatastorage.googleapis.com/gtv-videos-bucket/sample/TearsOfSteel.mp4','129 min','12M'),(3,1,3,'Spider-Man: No Way Home','/images/spiderman3.jpg','https://commondatastorage.googleapis.com/gtv-videos-bucket/sample/TearsOfSteel.mp4','148 min','25M'),(4,1,4,'Spider-Man: Across the Spider-Verse','/images/spiderman4.jpg','https://commondatastorage.googleapis.com/gtv-videos-bucket/sample/TearsOfSteel.mp4','140 min','18M'),(5,2,1,'The Avengers','/images/avengers1.jpg','https://commondatastorage.googleapis.com/gtv-videos-bucket/sample/TearsOfSteel.mp4','143 min','20M'),(6,2,2,'Avengers: Age of Ultron','/images/avengers2.jpg','https://commondatastorage.googleapis.com/gtv-videos-bucket/sample/TearsOfSteel.mp4','141 min','16M'),(7,2,3,'Avengers: Infinity War','/images/avengers3.jpg','https://commondatastorage.googleapis.com/gtv-videos-bucket/sample/TearsOfSteel.mp4','149 min','28M'),(8,2,4,'Avengers: Endgame','/images/avengers4.jpg','https://commondatastorage.googleapis.com/gtv-videos-bucket/sample/TearsOfSteel.mp4','181 min','35M'),(9,3,1,'Batman Begins','/images/batman1.jpg','https://commondatastorage.googleapis.com/gtv-videos-bucket/sample/TearsOfSteel.mp4','140 min','12M'),(10,3,2,'The Dark Knight','/images/batman2.jpg','https://commondatastorage.googleapis.com/gtv-videos-bucket/sample/TearsOfSteel.mp4','152 min','30M'),(11,3,3,'The Dark Knight Rises','/images/batman3.jpg','https://commondatastorage.googleapis.com/gtv-videos-bucket/sample/TearsOfSteel.mp4','165 min','18M'),(12,4,1,'Jurassic Park','/images/jurassic1.jpg','https://commondatastorage.googleapis.com/gtv-videos-bucket/sample/TearsOfSteel.mp4','127 min','22M'),(13,4,2,'The Lost World: Jurassic Park','/images/jurassic2.jpg','https://commondatastorage.googleapis.com/gtv-videos-bucket/sample/TearsOfSteel.mp4','129 min','10M'),(14,4,3,'Jurassic Park III','/images/jurassic3.jpg','https://commondatastorage.googleapis.com/gtv-videos-bucket/sample/TearsOfSteel.mp4','92 min','8M'),(15,4,4,'Jurassic World','/images/jurassic4.jpg','https://commondatastorage.googleapis.com/gtv-videos-bucket/sample/TearsOfSteel.mp4','124 min','15M'),(16,4,5,'Jurassic World: Fallen Kingdom','/images/jurassic5.jpg','https://commondatastorage.googleapis.com/gtv-videos-bucket/sample/TearsOfSteel.mp4','128 min','12M'),(17,4,6,'Jurassic World: Dominion','/images/jurassic6.jpg','https://commondatastorage.googleapis.com/gtv-videos-bucket/sample/TearsOfSteel.mp4','147 min','14M'),(18,5,1,'Harry Potter and the Philosopher\'s Stone','/images/hp1.jpg','https://commondatastorage.googleapis.com/gtv-videos-bucket/sample/TearsOfSteel.mp4','152 min','25M'),(19,5,2,'Harry Potter and the Chamber of Secrets','/images/hp2.jpg','https://commondatastorage.googleapis.com/gtv-videos-bucket/sample/TearsOfSteel.mp4','161 min','18M'),(20,5,3,'Harry Potter and the Prisoner of Azkaban','/images/hp3.jpg','https://commondatastorage.googleapis.com/gtv-videos-bucket/sample/TearsOfSteel.mp4','142 min','20M'),(21,5,4,'Harry Potter and the Goblet of Fire','/images/hp4.jpg','https://commondatastorage.googleapis.com/gtv-videos-bucket/sample/TearsOfSteel.mp4','157 min','16M'),(22,5,5,'Harry Potter and the Order of the Phoenix','/images/hp5.jpg','https://commondatastorage.googleapis.com/gtv-videos-bucket/sample/TearsOfSteel.mp4','138 min','14M'),(23,5,6,'Harry Potter and the Half-Blood Prince','/images/hp6.jpg','https://commondatastorage.googleapis.com/gtv-videos-bucket/sample/TearsOfSteel.mp4','153 min','15M'),(24,5,7,'Harry Potter and the Deathly Hallows - Part 1','/images/hp7.jpg','https://commondatastorage.googleapis.com/gtv-videos-bucket/sample/TearsOfSteel.mp4','146 min','13M'),(25,5,8,'Harry Potter and the Deathly Hallows - Part 2','/images/hp8.jpg','https://commondatastorage.googleapis.com/gtv-videos-bucket/sample/TearsOfSteel.mp4','130 min','22M'),(26,6,1,'The Fast and the Furious','/images/ff1.jpg','https://commondatastorage.googleapis.com/gtv-videos-bucket/sample/TearsOfSteel.mp4','106 min','15M'),(27,6,2,'2 Fast 2 Furious','/images/ff2.jpg','https://commondatastorage.googleapis.com/gtv-videos-bucket/sample/TearsOfSteel.mp4','107 min','10M'),(28,6,3,'The Fast and the Furious: Tokyo Drift','/images/ff3.jpg','https://commondatastorage.googleapis.com/gtv-videos-bucket/sample/TearsOfSteel.mp4','104 min','12M'),(29,6,4,'Fast & Furious','/images/ff4.jpg','https://commondatastorage.googleapis.com/gtv-videos-bucket/sample/TearsOfSteel.mp4','107 min','11M'),(30,6,5,'Fast Five','/images/ff5.jpg','https://commondatastorage.googleapis.com/gtv-videos-bucket/sample/TearsOfSteel.mp4','130 min','18M'),(31,6,6,'Fast & Furious 6','/images/ff6.jpg','https://commondatastorage.googleapis.com/gtv-videos-bucket/sample/TearsOfSteel.mp4','130 min','16M'),(32,6,7,'Furious 7','/images/ff7.jpg','https://commondatastorage.googleapis.com/gtv-videos-bucket/sample/TearsOfSteel.mp4','137 min','25M'),(33,6,8,'The Fate of the Furious','/images/ff8.jpg','https://commondatastorage.googleapis.com/gtv-videos-bucket/sample/TearsOfSteel.mp4','136 min','14M'),(34,6,9,'F9','/images/ff9.jpg','https://commondatastorage.googleapis.com/gtv-videos-bucket/sample/TearsOfSteel.mp4','143 min','13M'),(35,6,10,'Fast X','/images/ff10.jpg','https://commondatastorage.googleapis.com/gtv-videos-bucket/sample/TearsOfSteel.mp4','141 min','12M'),(36,7,1,'Star Wars: Episode I - The Phantom Menace','/images/sw1.jpg','https://commondatastorage.googleapis.com/gtv-videos-bucket/sample/TearsOfSteel.mp4','136 min','18M'),(37,7,2,'Star Wars: Episode II - Attack of the Clones','/images/sw2.jpg','https://commondatastorage.googleapis.com/gtv-videos-bucket/sample/TearsOfSteel.mp4','142 min','12M'),(38,7,3,'Star Wars: Episode III - Revenge of the Sith','/images/sw3.jpg','https://commondatastorage.googleapis.com/gtv-videos-bucket/sample/TearsOfSteel.mp4','140 min','20M'),(39,7,4,'Star Wars: Episode IV - A New Hope','/images/sw4.jpg','https://commondatastorage.googleapis.com/gtv-videos-bucket/sample/TearsOfSteel.mp4','121 min','22M'),(40,7,5,'Star Wars: Episode V - The Empire Strikes Back','/images/sw5.jpg','https://commondatastorage.googleapis.com/gtv-videos-bucket/sample/TearsOfSteel.mp4','124 min','25M'),(41,7,6,'Star Wars: Episode VI - Return of the Jedi','/images/sw6.jpg','https://commondatastorage.googleapis.com/gtv-videos-bucket/sample/TearsOfSteel.mp4','131 min','18M'),(42,7,7,'Star Wars: Episode VII - The Force Awakens','/images/sw7.jpg','https://commondatastorage.googleapis.com/gtv-videos-bucket/sample/TearsOfSteel.mp4','138 min','16M'),(43,7,8,'Star Wars: Episode VIII - The Last Jedi','/images/sw8.jpg','https://commondatastorage.googleapis.com/gtv-videos-bucket/sample/TearsOfSteel.mp4','152 min','14M'),(44,7,9,'Star Wars: Episode IX - The Rise of Skywalker','/images/sw9.jpg','https://commondatastorage.googleapis.com/gtv-videos-bucket/sample/TearsOfSteel.mp4','142 min','13M'),(45,8,1,'The Lord of the Rings: The Fellowship of the Ring','/images/lotr1.jpg','https://commondatastorage.googleapis.com/gtv-videos-bucket/sample/TearsOfSteel.mp4','178 min','28M'),(46,8,2,'The Lord of the Rings: The Two Towers','/images/lotr2.jpg','https://commondatastorage.googleapis.com/gtv-videos-bucket/sample/TearsOfSteel.mp4','179 min','25M'),(47,8,3,'The Lord of the Rings: The Return of the King','/images/lotr3.jpg','https://commondatastorage.googleapis.com/gtv-videos-bucket/sample/TearsOfSteel.mp4','201 min','30M'),(48,9,1,'Iron Man','/images/ironman1.jpg','https://commondatastorage.googleapis.com/gtv-videos-bucket/sample/TearsOfSteel.mp4','126 min','20M'),(49,9,2,'Iron Man 2','/images/ironman2.jpg','https://commondatastorage.googleapis.com/gtv-videos-bucket/sample/TearsOfSteel.mp4','124 min','15M'),(50,9,3,'Iron Man 3','/images/ironman3.jpg','https://commondatastorage.googleapis.com/gtv-videos-bucket/sample/TearsOfSteel.mp4','130 min','16M'),(51,10,1,'Mission: Impossible','/images/mi1.jpg','https://commondatastorage.googleapis.com/gtv-videos-bucket/sample/TearsOfSteel.mp4','110 min','12M'),(52,10,2,'Mission: Impossible 2','/images/mi2.jpg','https://commondatastorage.googleapis.com/gtv-videos-bucket/sample/TearsOfSteel.mp4','123 min','10M'),(53,10,3,'Mission: Impossible III','/images/mi3.jpg','https://commondatastorage.googleapis.com/gtv-videos-bucket/sample/TearsOfSteel.mp4','126 min','11M'),(54,10,4,'Mission: Impossible - Ghost Protocol','/images/mi4.jpg','https://commondatastorage.googleapis.com/gtv-videos-bucket/sample/TearsOfSteel.mp4','133 min','15M'),(55,10,5,'Mission: Impossible - Rogue Nation','/images/mi5.jpg','https://commondatastorage.googleapis.com/gtv-videos-bucket/sample/TearsOfSteel.mp4','131 min','14M'),(56,10,6,'Mission: Impossible - Fallout','/images/mi6.jpg','https://commondatastorage.googleapis.com/gtv-videos-bucket/sample/TearsOfSteel.mp4','147 min','18M'),(57,10,7,'Mission: Impossible - Dead Reckoning Part One','/images/mi7.jpg','https://commondatastorage.googleapis.com/gtv-videos-bucket/sample/TearsOfSteel.mp4','163 min','16M'),(58,11,1,'John Wick','/images/jw1.jpg','https://commondatastorage.googleapis.com/gtv-videos-bucket/sample/TearsOfSteel.mp4','101 min','22M'),(59,11,2,'John Wick: Chapter 2','/images/jw2.jpg','https://commondatastorage.googleapis.com/gtv-videos-bucket/sample/TearsOfSteel.mp4','122 min','18M'),(60,11,3,'John Wick: Chapter 3 - Parabellum','/images/jw3.jpg','https://commondatastorage.googleapis.com/gtv-videos-bucket/sample/TearsOfSteel.mp4','131 min','20M'),(61,11,4,'John Wick: Chapter 4','/images/jw4.jpg','https://commondatastorage.googleapis.com/gtv-videos-bucket/sample/TearsOfSteel.mp4','169 min','25M'),(62,12,1,'Transformers','/images/tf1.jpg','https://commondatastorage.googleapis.com/gtv-videos-bucket/sample/TearsOfSteel.mp4','144 min','18M'),(63,12,2,'Transformers: Revenge of the Fallen','/images/tf2.jpg','https://commondatastorage.googleapis.com/gtv-videos-bucket/sample/TearsOfSteel.mp4','150 min','14M'),(64,12,3,'Transformers: Dark of the Moon','/images/tf3.jpg','https://commondatastorage.googleapis.com/gtv-videos-bucket/sample/TearsOfSteel.mp4','154 min','13M'),(65,12,4,'Transformers: Age of Extinction','/images/tf4.jpg','https://commondatastorage.googleapis.com/gtv-videos-bucket/sample/TearsOfSteel.mp4','165 min','12M'),(66,12,5,'Transformers: The Last Knight','/images/tf5.jpg','https://commondatastorage.googleapis.com/gtv-videos-bucket/sample/TearsOfSteel.mp4','149 min','10M'),(67,12,6,'Bumblebee','/images/tf6.jpg','https://commondatastorage.googleapis.com/gtv-videos-bucket/sample/TearsOfSteel.mp4','114 min','11M'),(68,12,7,'Transformers: Rise of the Beasts','/images/tf7.jpg','https://commondatastorage.googleapis.com/gtv-videos-bucket/sample/TearsOfSteel.mp4','127 min','9M'),(69,13,1,'Pirates of the Caribbean: The Curse of the Black Pearl','/images/pirates1.jpg','https://commondatastorage.googleapis.com/gtv-videos-bucket/sample/TearsOfSteel.mp4','143 min','25M'),(70,13,2,'Pirates of the Caribbean: Dead Man\'s Chest','/images/pirates2.jpg','https://commondatastorage.googleapis.com/gtv-videos-bucket/sample/TearsOfSteel.mp4','151 min','18M'),(71,13,3,'Pirates of the Caribbean: At World\'s End','/images/pirates3.jpg','https://commondatastorage.googleapis.com/gtv-videos-bucket/sample/TearsOfSteel.mp4','169 min','16M'),(72,13,4,'Pirates of the Caribbean: On Stranger Tides','/images/pirates4.jpg','https://commondatastorage.googleapis.com/gtv-videos-bucket/sample/TearsOfSteel.mp4','136 min','12M'),(73,13,5,'Pirates of the Caribbean: Dead Men Tell No Tales','/images/pirates5.jpg','https://commondatastorage.googleapis.com/gtv-videos-bucket/sample/TearsOfSteel.mp4','129 min','11M'),(74,14,1,'X-Men','/images/xmen1.jpg','https://commondatastorage.googleapis.com/gtv-videos-bucket/sample/TearsOfSteel.mp4','104 min','15M'),(75,14,2,'X2: X-Men United','/images/xmen2.jpg','https://commondatastorage.googleapis.com/gtv-videos-bucket/sample/TearsOfSteel.mp4','134 min','14M'),(76,14,3,'X-Men: The Last Stand','/images/xmen3.jpg','https://commondatastorage.googleapis.com/gtv-videos-bucket/sample/TearsOfSteel.mp4','104 min','12M'),(77,14,4,'X-Men Origins: Wolverine','/images/xmen4.jpg','https://commondatastorage.googleapis.com/gtv-videos-bucket/sample/TearsOfSteel.mp4','107 min','10M'),(78,14,5,'X-Men: First Class','/images/xmen5.jpg','https://commondatastorage.googleapis.com/gtv-videos-bucket/sample/TearsOfSteel.mp4','132 min','13M'),(79,14,6,'The Wolverine','/images/xmen6.jpg','https://commondatastorage.googleapis.com/gtv-videos-bucket/sample/TearsOfSteel.mp4','126 min','11M'),(80,14,7,'X-Men: Days of Future Past','/images/xmen7.jpg','https://commondatastorage.googleapis.com/gtv-videos-bucket/sample/TearsOfSteel.mp4','132 min','16M'),(81,14,8,'Deadpool','/images/xmen8.jpg','https://commondatastorage.googleapis.com/gtv-videos-bucket/sample/TearsOfSteel.mp4','108 min','22M'),(82,14,9,'X-Men: Apocalypse','/images/xmen9.jpg','https://commondatastorage.googleapis.com/gtv-videos-bucket/sample/TearsOfSteel.mp4','144 min','12M'),(83,14,10,'Logan','/images/xmen10.jpg','https://commondatastorage.googleapis.com/gtv-videos-bucket/sample/TearsOfSteel.mp4','137 min','20M'),(84,14,11,'Deadpool 2','/images/xmen11.jpg','https://commondatastorage.googleapis.com/gtv-videos-bucket/sample/TearsOfSteel.mp4','119 min','18M'),(85,14,12,'Dark Phoenix','/images/xmen12.jpg','https://commondatastorage.googleapis.com/gtv-videos-bucket/sample/TearsOfSteel.mp4','114 min','9M'),(86,14,13,'The New Mutants','/images/xmen13.jpg','https://commondatastorage.googleapis.com/gtv-videos-bucket/sample/TearsOfSteel.mp4','94 min','8M'),(87,15,1,'The Matrix','/images/matrix1.jpg','https://commondatastorage.googleapis.com/gtv-videos-bucket/sample/TearsOfSteel.mp4','136 min','30M'),(88,15,2,'The Matrix Reloaded','/images/matrix2.jpg','https://commondatastorage.googleapis.com/gtv-videos-bucket/sample/TearsOfSteel.mp4','138 min','18M'),(89,15,3,'The Matrix Revolutions','/images/matrix3.jpg','https://commondatastorage.googleapis.com/gtv-videos-bucket/sample/TearsOfSteel.mp4','129 min','16M'),(90,15,4,'The Matrix Resurrections','/images/matrix4.jpg','https://commondatastorage.googleapis.com/gtv-videos-bucket/sample/TearsOfSteel.mp4','148 min','12M'),(91,16,1,'Casino Royale','/images/bond1.jpg','https://commondatastorage.googleapis.com/gtv-videos-bucket/sample/TearsOfSteel.mp4','144 min','16M'),(92,16,2,'Quantum of Solace','/images/bond2.jpg','https://commondatastorage.googleapis.com/gtv-videos-bucket/sample/TearsOfSteel.mp4','106 min','12M'),(93,16,3,'Skyfall','/images/bond3.jpg','https://commondatastorage.googleapis.com/gtv-videos-bucket/sample/TearsOfSteel.mp4','143 min','20M'),(94,16,4,'Spectre','/images/bond4.jpg','https://commondatastorage.googleapis.com/gtv-videos-bucket/sample/TearsOfSteel.mp4','148 min','14M'),(95,16,5,'No Time to Die','/images/bond5.jpg','https://commondatastorage.googleapis.com/gtv-videos-bucket/sample/TearsOfSteel.mp4','163 min','15M'),(96,17,1,'Iron Man','/images/mcu1.jpg','https://commondatastorage.googleapis.com/gtv-videos-bucket/sample/TearsOfSteel.mp4','126 min','20M'),(97,17,2,'The Incredible Hulk','/images/mcu2.jpg','https://commondatastorage.googleapis.com/gtv-videos-bucket/sample/TearsOfSteel.mp4','112 min','10M'),(98,17,3,'Iron Man 2','/images/mcu3.jpg','https://commondatastorage.googleapis.com/gtv-videos-bucket/sample/TearsOfSteel.mp4','124 min','15M'),(99,17,4,'Thor','/images/mcu4.jpg','https://commondatastorage.googleapis.com/gtv-videos-bucket/sample/TearsOfSteel.mp4','115 min','14M'),(100,17,5,'Captain America: The First Avenger','/images/mcu5.jpg','https://commondatastorage.googleapis.com/gtv-videos-bucket/sample/TearsOfSteel.mp4','124 min','13M'),(101,17,6,'The Avengers','/images/mcu6.jpg','https://commondatastorage.googleapis.com/gtv-videos-bucket/sample/TearsOfSteel.mp4','143 min','22M'),(102,18,1,'Man of Steel','/images/dc1.jpg','https://commondatastorage.googleapis.com/gtv-videos-bucket/sample/TearsOfSteel.mp4','143 min','16M'),(103,18,2,'Batman v Superman: Dawn of Justice','/images/dc2.jpg','https://commondatastorage.googleapis.com/gtv-videos-bucket/sample/TearsOfSteel.mp4','151 min','18M'),(104,18,3,'Suicide Squad','/images/dc3.jpg','https://commondatastorage.googleapis.com/gtv-videos-bucket/sample/TearsOfSteel.mp4','123 min','14M'),(105,18,4,'Wonder Woman','/images/dc4.jpg','https://commondatastorage.googleapis.com/gtv-videos-bucket/sample/TearsOfSteel.mp4','141 min','20M'),(106,18,5,'Justice League','/images/dc5.jpg','https://commondatastorage.googleapis.com/gtv-videos-bucket/sample/TearsOfSteel.mp4','120 min','15M'),(107,18,6,'Aquaman','/images/dc6.jpg','https://commondatastorage.googleapis.com/gtv-videos-bucket/sample/TearsOfSteel.mp4','143 min','19M'),(108,18,7,'Shazam!','/images/dc7.jpg','https://commondatastorage.googleapis.com/gtv-videos-bucket/sample/TearsOfSteel.mp4','132 min','12M'),(109,18,8,'The Flash','/images/dc8.jpg','https://commondatastorage.googleapis.com/gtv-videos-bucket/sample/TearsOfSteel.mp4','144 min','11M'),(110,19,1,'Toy Story','/images/toystory1.jpg','https://commondatastorage.googleapis.com/gtv-videos-bucket/sample/TearsOfSteel.mp4','81 min','25M'),(111,19,2,'Toy Story 2','/images/toystory2.jpg','https://commondatastorage.googleapis.com/gtv-videos-bucket/sample/TearsOfSteel.mp4','92 min','18M'),(112,19,3,'Toy Story 3','/images/toystory3.jpg','https://commondatastorage.googleapis.com/gtv-videos-bucket/sample/TearsOfSteel.mp4','103 min','22M'),(113,19,4,'Toy Story 4','/images/toystory4.jpg','https://commondatastorage.googleapis.com/gtv-videos-bucket/sample/TearsOfSteel.mp4','100 min','16M'),(114,20,1,'The Hunger Games','/images/hg1.jpg','https://commondatastorage.googleapis.com/gtv-videos-bucket/sample/TearsOfSteel.mp4','142 min','20M'),(115,20,2,'The Hunger Games: Catching Fire','/images/hg2.jpg','https://commondatastorage.googleapis.com/gtv-videos-bucket/sample/TearsOfSteel.mp4','146 min','18M'),(116,20,3,'The Hunger Games: Mockingjay - Part 1','/images/hg3.jpg','https://commondatastorage.googleapis.com/gtv-videos-bucket/sample/TearsOfSteel.mp4','123 min','14M'),(117,20,4,'The Hunger Games: Mockingjay - Part 2','/images/hg4.jpg','https://commondatastorage.googleapis.com/gtv-videos-bucket/sample/TearsOfSteel.mp4','137 min','15M'),(118,21,1,'Capítulo 1: La desaparición de Will Byers','/images/st1e1.jpg','https://commondatastorage.googleapis.com/gtv-videos-bucket/sample/SubaruOutbackOnStreetAndDirt.mp4','47 min','25M'),(119,21,2,'Capítulo 2: La loca de la calle Maple','/images/st1e2.jpg','https://commondatastorage.googleapis.com/gtv-videos-bucket/sample/SubaruOutbackOnStreetAndDirt.mp4','55 min','22M'),(120,21,3,'Capítulo 3: Luces navideñas','/images/st1e3.jpg','https://commondatastorage.googleapis.com/gtv-videos-bucket/sample/SubaruOutbackOnStreetAndDirt.mp4','51 min','20M'),(121,21,4,'Capítulo 4: El cuerpo','/images/st1e4.jpg','https://commondatastorage.googleapis.com/gtv-videos-bucket/sample/SubaruOutbackOnStreetAndDirt.mp4','50 min','18M'),(122,21,5,'Capítulo 5: La pulga y el acróbata','/images/st1e5.jpg','https://commondatastorage.googleapis.com/gtv-videos-bucket/sample/SubaruOutbackOnStreetAndDirt.mp4','52 min','17M'),(123,22,1,'Capítulo 1: MADMAX','/images/st2e1.jpg','https://commondatastorage.googleapis.com/gtv-videos-bucket/sample/SubaruOutbackOnStreetAndDirt.mp4','48 min','23M'),(124,22,2,'Capítulo 2: Dulce o truco, idiota','/images/st2e2.jpg','https://commondatastorage.googleapis.com/gtv-videos-bucket/sample/SubaruOutbackOnStreetAndDirt.mp4','56 min','21M'),(125,22,3,'Capítulo 3: El renacuajo','/images/st2e3.jpg','https://commondatastorage.googleapis.com/gtv-videos-bucket/sample/SubaruOutbackOnStreetAndDirt.mp4','51 min','19M'),(126,22,4,'Capítulo 4: Will el Sabio','/images/st2e4.jpg','https://commondatastorage.googleapis.com/gtv-videos-bucket/sample/SubaruOutbackOnStreetAndDirt.mp4','49 min','18M'),(127,22,5,'Capítulo 5: Dig Dug','/images/st2e5.jpg','https://commondatastorage.googleapis.com/gtv-videos-bucket/sample/SubaruOutbackOnStreetAndDirt.mp4','54 min','17M'),(128,25,1,'Capítulo 1: El Mandaloriano','/images/m1e1.jpg','https://commondatastorage.googleapis.com/gtv-videos-bucket/sample/SubaruOutbackOnStreetAndDirt.mp4','39 min','28M'),(129,25,2,'Capítulo 2: El Niño','/images/m1e2.jpg','https://commondatastorage.googleapis.com/gtv-videos-bucket/sample/SubaruOutbackOnStreetAndDirt.mp4','32 min','25M'),(130,25,3,'Capítulo 3: El pecado','/images/m1e3.jpg','https://commondatastorage.googleapis.com/gtv-videos-bucket/sample/SubaruOutbackOnStreetAndDirt.mp4','37 min','23M'),(131,25,4,'Capítulo 4: El santuario','/images/m1e4.jpg','https://commondatastorage.googleapis.com/gtv-videos-bucket/sample/SubaruOutbackOnStreetAndDirt.mp4','41 min','21M'),(132,25,5,'Capítulo 5: El pistolero','/images/m1e5.jpg','https://commondatastorage.googleapis.com/gtv-videos-bucket/sample/SubaruOutbackOnStreetAndDirt.mp4','35 min','20M'),(133,28,1,'Piloto','/images/bb1e1.jpg','https://commondatastorage.googleapis.com/gtv-videos-bucket/sample/SubaruOutbackOnStreetAndDirt.mp4','58 min','30M'),(134,28,2,'El gato está en la bolsa...','/images/bb1e2.jpg','https://commondatastorage.googleapis.com/gtv-videos-bucket/sample/SubaruOutbackOnStreetAndDirt.mp4','48 min','25M'),(135,28,3,'...Y la bolsa está en el río','/images/bb1e3.jpg','https://commondatastorage.googleapis.com/gtv-videos-bucket/sample/SubaruOutbackOnStreetAndDirt.mp4','48 min','24M'),(136,28,4,'Cáncer','/images/bb1e4.jpg','https://commondatastorage.googleapis.com/gtv-videos-bucket/sample/SubaruOutbackOnStreetAndDirt.mp4','48 min','23M'),(137,28,5,'Materia gris','/images/bb1e5.jpg','https://commondatastorage.googleapis.com/gtv-videos-bucket/sample/SubaruOutbackOnStreetAndDirt.mp4','48 min','22M'),(138,33,1,'Winter Is Coming','/images/got1e1.jpg','https://commondatastorage.googleapis.com/gtv-videos-bucket/sample/SubaruOutbackOnStreetAndDirt.mp4','62 min','35M'),(139,33,2,'The Kingsroad','/images/got1e2.jpg','https://commondatastorage.googleapis.com/gtv-videos-bucket/sample/SubaruOutbackOnStreetAndDirt.mp4','56 min','28M'),(140,33,3,'Lord Snow','/images/got1e3.jpg','https://commondatastorage.googleapis.com/gtv-videos-bucket/sample/SubaruOutbackOnStreetAndDirt.mp4','58 min','26M'),(141,33,4,'Cripples, Bastards, and Broken Things','/images/got1e4.jpg','https://commondatastorage.googleapis.com/gtv-videos-bucket/sample/SubaruOutbackOnStreetAndDirt.mp4','56 min','25M'),(142,33,5,'The Wolf and the Lion','/images/got1e5.jpg','https://commondatastorage.googleapis.com/gtv-videos-bucket/sample/SubaruOutbackOnStreetAndDirt.mp4','55 min','24M'),(143,41,1,'Wolferton Splash','/images/crown1e1.jpg','https://commondatastorage.googleapis.com/gtv-videos-bucket/sample/SubaruOutbackOnStreetAndDirt.mp4','58 min','18M'),(144,41,2,'Hyde Park Corner','/images/crown1e2.jpg','https://commondatastorage.googleapis.com/gtv-videos-bucket/sample/SubaruOutbackOnStreetAndDirt.mp4','61 min','16M'),(145,41,3,'Windsor','/images/crown1e3.jpg','https://commondatastorage.googleapis.com/gtv-videos-bucket/sample/SubaruOutbackOnStreetAndDirt.mp4','57 min','15M'),(146,41,4,'Act of God','/images/crown1e4.jpg','https://commondatastorage.googleapis.com/gtv-videos-bucket/sample/SubaruOutbackOnStreetAndDirt.mp4','58 min','14M'),(147,41,5,'Smoke and Mirrors','/images/crown1e5.jpg','https://commondatastorage.googleapis.com/gtv-videos-bucket/sample/SubaruOutbackOnStreetAndDirt.mp4','60 min','13M'),(148,46,1,'El fin del principio','/images/witcher1e1.jpg','https://commondatastorage.googleapis.com/gtv-videos-bucket/sample/SubaruOutbackOnStreetAndDirt.mp4','61 min','22M'),(149,46,2,'Cuatro marcas','/images/witcher1e2.jpg','https://commondatastorage.googleapis.com/gtv-videos-bucket/sample/SubaruOutbackOnStreetAndDirt.mp4','63 min','20M'),(150,46,3,'La traición lunar','/images/witcher1e3.jpg','https://commondatastorage.googleapis.com/gtv-videos-bucket/sample/SubaruOutbackOnStreetAndDirt.mp4','67 min','19M'),(151,46,4,'De banquetes, bastardos y entierros','/images/witcher1e4.jpg','https://commondatastorage.googleapis.com/gtv-videos-bucket/sample/SubaruOutbackOnStreetAndDirt.mp4','62 min','18M'),(152,46,5,'Apretones de manos','/images/witcher1e5.jpg','https://commondatastorage.googleapis.com/gtv-videos-bucket/sample/SubaruOutbackOnStreetAndDirt.mp4','59 min','17M'),(153,49,1,'Episodio 1','/images/mh1e1.jpg','https://commondatastorage.googleapis.com/gtv-videos-bucket/sample/SubaruOutbackOnStreetAndDirt.mp4','50 min','30M'),(154,49,2,'Episodio 2','/images/mh1e2.jpg','https://commondatastorage.googleapis.com/gtv-videos-bucket/sample/SubaruOutbackOnStreetAndDirt.mp4','43 min','28M'),(155,49,3,'Episodio 3','/images/mh1e3.jpg','https://commondatastorage.googleapis.com/gtv-videos-bucket/sample/SubaruOutbackOnStreetAndDirt.mp4','49 min','26M'),(156,49,4,'Episodio 4','/images/mh1e4.jpg','https://commondatastorage.googleapis.com/gtv-videos-bucket/sample/SubaruOutbackOnStreetAndDirt.mp4','48 min','25M'),(157,49,5,'Episodio 5','/images/mh1e5.jpg','https://commondatastorage.googleapis.com/gtv-videos-bucket/sample/SubaruOutbackOnStreetAndDirt.mp4','52 min','24M'),(158,54,1,'Cuando estés perdido en la oscuridad','/images/tlou1e1.jpg','https://commondatastorage.googleapis.com/gtv-videos-bucket/sample/SubaruOutbackOnStreetAndDirt.mp4','81 min','32M'),(159,54,2,'Infectado','/images/tlou1e2.jpg','https://commondatastorage.googleapis.com/gtv-videos-bucket/sample/SubaruOutbackOnStreetAndDirt.mp4','53 min','28M'),(160,54,3,'Largo, largo tiempo','/images/tlou1e3.jpg','https://commondatastorage.googleapis.com/gtv-videos-bucket/sample/SubaruOutbackOnStreetAndDirt.mp4','76 min','35M'),(161,54,4,'Por favor, mantente firme en tu mano','/images/tlou1e4.jpg','https://commondatastorage.googleapis.com/gtv-videos-bucket/sample/SubaruOutbackOnStreetAndDirt.mp4','46 min','26M'),(162,54,5,'Resistir y sobrevivir','/images/tlou1e5.jpg','https://commondatastorage.googleapis.com/gtv-videos-bucket/sample/SubaruOutbackOnStreetAndDirt.mp4','59 min','25M'),(163,55,1,'Episodio 1','/images/wed1e1.jpg','https://commondatastorage.googleapis.com/gtv-videos-bucket/sample/SubaruOutbackOnStreetAndDirt.mp4','49 min','40M'),(164,55,2,'Episodio 2','/images/wed1e2.jpg','https://commondatastorage.googleapis.com/gtv-videos-bucket/sample/SubaruOutbackOnStreetAndDirt.mp4','52 min','35M'),(165,55,3,'Episodio 3','/images/wed1e3.jpg','https://commondatastorage.googleapis.com/gtv-videos-bucket/sample/SubaruOutbackOnStreetAndDirt.mp4','48 min','32M'),(166,55,4,'Episodio 4','/images/wed1e4.jpg','https://commondatastorage.googleapis.com/gtv-videos-bucket/sample/SubaruOutbackOnStreetAndDirt.mp4','51 min','30M'),(167,55,5,'Episodio 5','/images/wed1e5.jpg','https://commondatastorage.googleapis.com/gtv-videos-bucket/sample/SubaruOutbackOnStreetAndDirt.mp4','47 min','28M'),(168,56,1,'El nombre del juego','/images/boys1e1.jpg','https://commondatastorage.googleapis.com/gtv-videos-bucket/sample/SubaruOutbackOnStreetAndDirt.mp4','65 min','25M'),(169,56,2,'Cherry','/images/boys1e2.jpg','https://commondatastorage.googleapis.com/gtv-videos-bucket/sample/SubaruOutbackOnStreetAndDirt.mp4','62 min','22M'),(170,56,3,'Consíguelo mientras esté caliente','/images/boys1e3.jpg','https://commondatastorage.googleapis.com/gtv-videos-bucket/sample/SubaruOutbackOnStreetAndDirt.mp4','55 min','20M'),(171,56,4,'La mujer del año','/images/boys1e4.jpg','https://commondatastorage.googleapis.com/gtv-videos-bucket/sample/SubaruOutbackOnStreetAndDirt.mp4','58 min','19M'),(172,56,5,'Bueno para el alma','/images/boys1e5.jpg','https://commondatastorage.googleapis.com/gtv-videos-bucket/sample/SubaruOutbackOnStreetAndDirt.mp4','60 min','18M'),(173,59,1,'Para ustedes, 2.000 años en el futuro - La caída de Shiganshina (1)','/images/aot1e1.jpg','https://commondatastorage.googleapis.com/gtv-videos-bucket/sample/ElephantsDream.mp4','24 min','20M'),(174,59,2,'Ese día - La caída de Shiganshina (2)','/images/aot1e2.jpg','https://commondatastorage.googleapis.com/gtv-videos-bucket/sample/ElephantsDream.mp4','24 min','18M'),(175,59,3,'Una luz tenue en la desesperación humana','/images/aot1e3.jpg','https://commondatastorage.googleapis.com/gtv-videos-bucket/sample/ElephantsDream.mp4','24 min','17M'),(176,59,4,'La noche de la ceremonia de graduación','/images/aot1e4.jpg','https://commondatastorage.googleapis.com/gtv-videos-bucket/sample/ElephantsDream.mp4','24 min','16M'),(177,59,5,'Primera batalla','/images/aot1e5.jpg','https://commondatastorage.googleapis.com/gtv-videos-bucket/sample/ElephantsDream.mp4','24 min','15M'),(178,63,1,'Crueldad','/images/ds1e1.jpg','https://commondatastorage.googleapis.com/gtv-videos-bucket/sample/ElephantsDream.mp4','24 min','22M'),(179,63,2,'El instructor Sakonji Urokodaki','/images/ds1e2.jpg','https://commondatastorage.googleapis.com/gtv-videos-bucket/sample/ElephantsDream.mp4','24 min','20M'),(180,63,3,'Sabito y Makomo','/images/ds1e3.jpg','https://commondatastorage.googleapis.com/gtv-videos-bucket/sample/ElephantsDream.mp4','24 min','19M'),(181,63,4,'Selección final','/images/ds1e4.jpg','https://commondatastorage.googleapis.com/gtv-videos-bucket/sample/ElephantsDream.mp4','24 min','18M'),(182,63,5,'Portar mi propia espada','/images/ds1e5.jpg','https://commondatastorage.googleapis.com/gtv-videos-bucket/sample/ElephantsDream.mp4','24 min','17M'),(183,66,1,'Izuku Midoriya: El origen','/images/mha1e1.jpg','https://commondatastorage.googleapis.com/gtv-videos-bucket/sample/ElephantsDream.mp4','24 min','18M'),(184,66,2,'Lo que hace un héroe','/images/mha1e2.jpg','https://commondatastorage.googleapis.com/gtv-videos-bucket/sample/ElephantsDream.mp4','24 min','16M'),(185,66,3,'Partes más duras','/images/mha1e3.jpg','https://commondatastorage.googleapis.com/gtv-videos-bucket/sample/ElephantsDream.mp4','24 min','15M'),(186,66,4,'Linea de partida','/images/mha1e4.jpg','https://commondatastorage.googleapis.com/gtv-videos-bucket/sample/ElephantsDream.mp4','24 min','14M'),(187,66,5,'¡Lo tengo!','/images/mha1e5.jpg','https://commondatastorage.googleapis.com/gtv-videos-bucket/sample/ElephantsDream.mp4','24 min','13M'),(188,72,1,'Ryomen Sukuna','/images/jjk1e1.jpg','https://commondatastorage.googleapis.com/gtv-videos-bucket/sample/ElephantsDream.mp4','24 min','25M'),(189,72,2,'Para mí','/images/jjk1e2.jpg','https://commondatastorage.googleapis.com/gtv-videos-bucket/sample/ElephantsDream.mp4','24 min','22M'),(190,72,3,'Chica de acero','/images/jjk1e3.jpg','https://commondatastorage.googleapis.com/gtv-videos-bucket/sample/ElephantsDream.mp4','24 min','20M'),(191,72,4,'Mal nacido','/images/jjk1e4.jpg','https://commondatastorage.googleapis.com/gtv-videos-bucket/sample/ElephantsDream.mp4','24 min','19M'),(192,72,5,'Mal nacido -Parte 2-','/images/jjk1e5.jpg','https://commondatastorage.googleapis.com/gtv-videos-bucket/sample/ElephantsDream.mp4','24 min','18M'),(193,74,1,'Renacimiento','/images/dn1e1.jpg','https://commondatastorage.googleapis.com/gtv-videos-bucket/sample/ElephantsDream.mp4','24 min','30M'),(194,74,2,'Confrontación','/images/dn1e2.jpg','https://commondatastorage.googleapis.com/gtv-videos-bucket/sample/ElephantsDream.mp4','24 min','28M'),(195,74,3,'Negociaciones','/images/dn1e3.jpg','https://commondatastorage.googleapis.com/gtv-videos-bucket/sample/ElephantsDream.mp4','24 min','26M'),(196,74,4,'Persecución','/images/dn1e4.jpg','https://commondatastorage.googleapis.com/gtv-videos-bucket/sample/ElephantsDream.mp4','24 min','25M'),(197,74,5,'Tácticas','/images/dn1e5.jpg','https://commondatastorage.googleapis.com/gtv-videos-bucket/sample/ElephantsDream.mp4','24 min','24M'),(198,80,1,'Episodio 1','/images/cloy1e1.jpg','https://commondatastorage.googleapis.com/gtv-videos-bucket/sample/ForBiggerFun.mp4\n','85 min','35M'),(199,80,2,'Episodio 2','/images/cloy1e2.jpg','https://commondatastorage.googleapis.com/gtv-videos-bucket/sample/ForBiggerFun.mp4\n','78 min','32M'),(200,80,3,'Episodio 3','/images/cloy1e3.jpg','https://commondatastorage.googleapis.com/gtv-videos-bucket/sample/ForBiggerFun.mp4\n','82 min','30M'),(201,80,4,'Episodio 4','/images/cloy1e4.jpg','https://commondatastorage.googleapis.com/gtv-videos-bucket/sample/ForBiggerFun.mp4\n','79 min','28M'),(202,80,5,'Episodio 5','/images/cloy1e5.jpg','https://commondatastorage.googleapis.com/gtv-videos-bucket/sample/ForBiggerFun.mp4\n','80 min','27M'),(203,85,1,'Luz roja, luz verde','/images/sg1e1.jpg','https://commondatastorage.googleapis.com/gtv-videos-bucket/sample/ForBiggerFun.mp4\n','63 min','45M'),(204,85,2,'Infierno','/images/sg1e2.jpg','https://commondatastorage.googleapis.com/gtv-videos-bucket/sample/ForBiggerFun.mp4\n','57 min','40M'),(205,85,3,'El hombre del paraguas','/images/sg1e3.jpg','https://commondatastorage.googleapis.com/gtv-videos-bucket/sample/ForBiggerFun.mp4\n','54 min','38M'),(206,85,4,'No queda bien ser bueno','/images/sg1e4.jpg','https://commondatastorage.googleapis.com/gtv-videos-bucket/sample/ForBiggerFun.mp4\n','59 min','36M'),(207,85,5,'Un mundo justo','/images/sg1e5.jpg','https://commondatastorage.googleapis.com/gtv-videos-bucket/sample/ForBiggerFun.mp4\n','55 min','35M'),(208,91,1,'Bienvenidos al Elite Way','/images/reb1e1.jpg','https://commondatastorage.googleapis.com/gtv-videos-bucket/sample/ForBiggerJoyrides.mp4','45 min','15M'),(209,91,2,'Un nuevo comienzo','/images/reb1e2.jpg','https://commondatastorage.googleapis.com/gtv-videos-bucket/sample/ForBiggerJoyrides.mp4','45 min','14M'),(210,91,3,'Secretos y mentiras','/images/reb1e3.jpg','https://commondatastorage.googleapis.com/gtv-videos-bucket/sample/ForBiggerJoyrides.mp4','45 min','13M'),(211,91,4,'El primer concierto','/images/reb1e4.jpg','https://commondatastorage.googleapis.com/gtv-videos-bucket/sample/ForBiggerJoyrides.mp4','45 min','12M'),(212,91,5,'Decisiones difíciles','/images/reb1e5.jpg','https://commondatastorage.googleapis.com/gtv-videos-bucket/sample/ForBiggerJoyrides.mp4','45 min','11M'),(213,92,1,'Nuevos integrantes','/images/reb2e1.jpg','https://commondatastorage.googleapis.com/gtv-videos-bucket/sample/ForBiggerJoyrides.mp4','45 min','12M'),(214,92,2,'Competencia musical','/images/reb2e2.jpg','https://commondatastorage.googleapis.com/gtv-videos-bucket/sample/ForBiggerJoyrides.mp4','45 min','11M'),(215,92,3,'Conflicto de egos','/images/reb2e3.jpg','https://commondatastorage.googleapis.com/gtv-videos-bucket/sample/ForBiggerJoyrides.mp4','45 min','10M'),(216,93,1,'La despedida','/images/reb3e1.jpg','https://commondatastorage.googleapis.com/gtv-videos-bucket/sample/ForBiggerJoyrides.mp4','45 min','11M'),(217,93,2,'Último año','/images/reb3e2.jpg','https://commondatastorage.googleapis.com/gtv-videos-bucket/sample/ForBiggerJoyrides.mp4','45 min','10M'),(218,93,3,'El gran final','/images/reb3e3.jpg','https://commondatastorage.googleapis.com/gtv-videos-bucket/sample/ForBiggerJoyrides.mp4','45 min','9M'),(219,94,1,'El origen de Rubí','/images/rubi1.jpg','https://commondatastorage.googleapis.com/gtv-videos-bucket/sample/ForBiggerJoyrides.mp4','45 min','8M'),(220,94,2,'Ambiciones','/images/rubi2.jpg','https://commondatastorage.googleapis.com/gtv-videos-bucket/sample/ForBiggerJoyrides.mp4','45 min','7M'),(221,94,3,'Engaños','/images/rubi3.jpg','https://commondatastorage.googleapis.com/gtv-videos-bucket/sample/ForBiggerJoyrides.mp4','45 min','6M'),(222,95,1,'Humilde origen','/images/maria1.jpg','https://commondatastorage.googleapis.com/gtv-videos-bucket/sample/ForBiggerJoyrides.mp4','45 min','9M'),(223,95,2,'Amor prohibido','/images/maria2.jpg','https://commondatastorage.googleapis.com/gtv-videos-bucket/sample/ForBiggerJoyrides.mp4','45 min','8M'),(224,95,3,'Sufrimientos','/images/maria3.jpg','https://commondatastorage.googleapis.com/gtv-videos-bucket/sample/ForBiggerJoyrides.mp4','45 min','7M'),(225,96,1,'Secretos familiares','/images/privilegio1.jpg','https://commondatastorage.googleapis.com/gtv-videos-bucket/sample/ForBiggerJoyrides.mp4','45 min','7M'),(226,96,2,'Amor maternal','/images/privilegio2.jpg','https://commondatastorage.googleapis.com/gtv-videos-bucket/sample/ForBiggerJoyrides.mp4','45 min','6M'),(227,96,3,'Revelaciones','/images/privilegio3.jpg','https://commondatastorage.googleapis.com/gtv-videos-bucket/sample/ForBiggerJoyrides.mp4','45 min','5M'),(228,102,1,'Un planeta','/images/ourplanet1.jpg','https://commondatastorage.googleapis.com/gtv-videos-bucket/sample/ForBiggerEscapes.mp4','50 min','15M'),(229,102,2,'Mundos congelados','/images/ourplanet2.jpg','https://commondatastorage.googleapis.com/gtv-videos-bucket/sample/ForBiggerEscapes.mp4','50 min','12M'),(230,102,3,'Junglas','/images/ourplanet3.jpg','https://commondatastorage.googleapis.com/gtv-videos-bucket/sample/ForBiggerEscapes.mp4','50 min','11M'),(231,103,1,'En la orilla del océano cósmico','/images/cosmos1.jpg','https://commondatastorage.googleapis.com/gtv-videos-bucket/sample/ForBiggerEscapes.mp4','44 min','10M'),(232,103,2,'Algunas de las cosas que hacen las moléculas','/images/cosmos2.jpg','https://commondatastorage.googleapis.com/gtv-videos-bucket/sample/ForBiggerEscapes.mp4','44 min','9M'),(233,103,3,'Cuando el conocimiento venció al miedo','/images/cosmos3.jpg','https://commondatastorage.googleapis.com/gtv-videos-bucket/sample/ForBiggerEscapes.mp4','44 min','8M'),(234,104,1,'Episodio 1','/images/lastdance1.jpg','https://commondatastorage.googleapis.com/gtv-videos-bucket/sample/ForBiggerEscapes.mp4','50 min','20M'),(235,104,2,'Episodio 2','/images/lastdance2.jpg','https://commondatastorage.googleapis.com/gtv-videos-bucket/sample/ForBiggerEscapes.mp4','50 min','18M'),(236,104,3,'Episodio 3','/images/lastdance3.jpg','https://commondatastorage.googleapis.com/gtv-videos-bucket/sample/ForBiggerEscapes.mp4','50 min','16M'),(237,105,1,'Dieciocho años perdidos','/images/making1e1.jpg','https://commondatastorage.googleapis.com/gtv-videos-bucket/sample/ForBiggerEscapes.mp4','60 min','12M'),(238,105,2,'Acusando a Avery','/images/making1e2.jpg','https://commondatastorage.googleapis.com/gtv-videos-bucket/sample/ForBiggerEscapes.mp4','60 min','11M'),(239,105,3,'Alegato de inocencia','/images/making1e3.jpg','https://commondatastorage.googleapis.com/gtv-videos-bucket/sample/ForBiggerEscapes.mp4','60 min','10M'),(240,106,1,'Falta de evidencia','/images/making2e1.jpg','https://commondatastorage.googleapis.com/gtv-videos-bucket/sample/ForBiggerEscapes.mp4','60 min','10M'),(241,106,2,'Nuevos abogados','/images/making2e2.jpg','https://commondatastorage.googleapis.com/gtv-videos-bucket/sample/ForBiggerEscapes.mp4','60 min','9M'),(242,106,3,'Apelaciones','/images/making2e3.jpg','https://commondatastorage.googleapis.com/gtv-videos-bucket/sample/ForBiggerEscapes.mp4','60 min','8M'),(243,107,1,'Islas','/images/planetearth1.jpg','https://commondatastorage.googleapis.com/gtv-videos-bucket/sample/ForBiggerEscapes.mp4','58 min','14M'),(244,107,2,'Montañas','/images/planetearth2.jpg','https://commondatastorage.googleapis.com/gtv-videos-bucket/sample/ForBiggerEscapes.mp4','58 min','12M'),(245,107,3,'Junglas','/images/planetearth3.jpg','https://commondatastorage.googleapis.com/gtv-videos-bucket/sample/ForBiggerEscapes.mp4','58 min','11M'),(246,108,1,'El dilema de las redes','/images/social1.jpg','https://commondatastorage.googleapis.com/gtv-videos-bucket/sample/ForBiggerEscapes.mp4','94 min','25M'),(247,109,1,'Escalada sin cuerdas','/images/freesolo1.jpg','https://commondatastorage.googleapis.com/gtv-videos-bucket/sample/ForBiggerEscapes.mp4','100 min','18M'),(248,110,1,'Secretos del océano','/images/seaspiracy1.jpg','https://commondatastorage.googleapis.com/gtv-videos-bucket/sample/ForBiggerEscapes.mp4','89 min','15M'),(249,113,1,'Invitado: Robert Downey Jr.','/images/tonight1e1.jpg','https://commondatastorage.googleapis.com/gtv-videos-bucket/sample/Sintel.mp4','42 min','5M'),(250,113,2,'Invitado: Jennifer Lawrence','/images/tonight1e2.jpg','https://commondatastorage.googleapis.com/gtv-videos-bucket/sample/Sintel.mp4','42 min','4M'),(251,113,3,'Invitado: Chris Hemsworth','/images/tonight1e3.jpg','https://commondatastorage.googleapis.com/gtv-videos-bucket/sample/Sintel.mp4','42 min','4M'),(252,123,1,'Ellen regresa','/images/ellen1e1.jpg','https://commondatastorage.googleapis.com/gtv-videos-bucket/sample/Sintel.mp4','40 min','6M'),(253,123,2,'Juegos y sorpresas','/images/ellen1e2.jpg','https://commondatastorage.googleapis.com/gtv-videos-bucket/sample/Sintel.mp4','40 min','5M'),(254,123,3,'Invitados especiales','/images/ellen1e3.jpg','https://commondatastorage.googleapis.com/gtv-videos-bucket/sample/Sintel.mp4','40 min','5M'),(255,142,1,'Audiciones 1','/images/masterchef1e1.jpg','https://commondatastorage.googleapis.com/gtv-videos-bucket/sample/Sintel.mp4','42 min','8M'),(256,142,2,'Primer desafío','/images/masterchef1e2.jpg','https://commondatastorage.googleapis.com/gtv-videos-bucket/sample/Sintel.mp4','42 min','7M'),(257,142,3,'Eliminación','/images/masterchef1e3.jpg','https://commondatastorage.googleapis.com/gtv-videos-bucket/sample/Sintel.mp4','42 min','6M'),(258,154,1,'Noticias cómicas','/images/daily1e1.jpg','https://commondatastorage.googleapis.com/gtv-videos-bucket/sample/Sintel.mp4','22 min','4M'),(259,154,2,'Sátira política','/images/daily1e2.jpg','https://commondatastorage.googleapis.com/gtv-videos-bucket/sample/Sintel.mp4','22 min','3M'),(260,154,3,'Entrevista especial','/images/daily1e3.jpg','https://commondatastorage.googleapis.com/gtv-videos-bucket/sample/Sintel.mp4','22 min','3M'),(261,181,1,'George Carlin / Billy Preston','/images/snl1e1.jpg','https://commondatastorage.googleapis.com/gtv-videos-bucket/sample/Sintel.mp4','60 min','7M'),(262,181,2,'Paul Simon / Randy Newman','/images/snl1e2.jpg','https://commondatastorage.googleapis.com/gtv-videos-bucket/sample/Sintel.mp4','60 min','6M'),(263,181,3,'Rob Reiner / ABBA','/images/snl1e3.jpg','https://commondatastorage.googleapis.com/gtv-videos-bucket/sample/Sintel.mp4','60 min','5M'),(264,182,1,'Paul McCartney / Paul Simon','/images/snl2e1.jpg','https://commondatastorage.googleapis.com/gtv-videos-bucket/sample/Sintel.mp4','60 min','6M'),(265,182,2,'Lily Tomlin / James Taylor','/images/snl2e2.jpg','https://commondatastorage.googleapis.com/gtv-videos-bucket/sample/Sintel.mp4','60 min','5M'),(266,182,3,'Eric Idle / Joe Cocker','/images/snl2e3.jpg','https://commondatastorage.googleapis.com/gtv-videos-bucket/sample/Sintel.mp4','60 min','5M'),(267,183,1,'Miskel Spillman / Elvis Costello','/images/snl3e1.jpg','https://commondatastorage.googleapis.com/gtv-videos-bucket/sample/Sintel.mp4','60 min','5M'),(268,183,2,'Steve Martin / The Blues Brothers','/images/snl3e2.jpg','https://commondatastorage.googleapis.com/gtv-videos-bucket/sample/Sintel.mp4','60 min','6M'),(269,183,3,'Michael Palin / James Brown','/images/snl3e3.jpg','https://commondatastorage.googleapis.com/gtv-videos-bucket/sample/Sintel.mp4','60 min','5M'),(270,190,1,'Tom Hanks / Bruce Springsteen','/images/snl10e1.jpg','https://commondatastorage.googleapis.com/gtv-videos-bucket/sample/Sintel.mp4','60 min','7M'),(271,190,2,'Eddie Murphy / Lionel Richie','/images/snl10e2.jpg','https://commondatastorage.googleapis.com/gtv-videos-bucket/sample/Sintel.mp4','60 min','8M'),(272,190,3,'Billy Crystal / Mick Jagger','/images/snl10e3.jpg','https://commondatastorage.googleapis.com/gtv-videos-bucket/sample/Sintel.mp4','60 min','7M'),(273,200,1,'Jim Carrey / Soundgarden','/images/snl20e1.jpg','https://commondatastorage.googleapis.com/gtv-videos-bucket/sample/Sintel.mp4','60 min','9M'),(274,200,2,'David Spade / R.E.M.','/images/snl20e2.jpg','https://commondatastorage.googleapis.com/gtv-videos-bucket/sample/Sintel.mp4','60 min','8M'),(275,200,3,'Chris Farley / Tom Petty','/images/snl20e3.jpg','https://commondatastorage.googleapis.com/gtv-videos-bucket/sample/Sintel.mp4','60 min','8M'),(276,220,1,'Tina Fey / Nicki Minaj','/images/snl40e1.jpg','https://commondatastorage.googleapis.com/gtv-videos-bucket/sample/Sintel.mp4','60 min','12M'),(277,220,2,'Chris Pratt / Ariana Grande','/images/snl40e2.jpg','https://commondatastorage.googleapis.com/gtv-videos-bucket/sample/Sintel.mp4','60 min','11M'),(278,220,3,'James Franco / Kanye West','/images/snl40e3.jpg','https://commondatastorage.googleapis.com/gtv-videos-bucket/sample/Sintel.mp4','60 min','10M'),(279,228,1,'John Mulaney / LCD Soundsystem','/images/snl48e1.jpg','https://commondatastorage.googleapis.com/gtv-videos-bucket/sample/Sintel.mp4','60 min','15M'),(280,228,2,'Aubrey Plaza / Sam Smith','/images/snl48e2.jpg','https://commondatastorage.googleapis.com/gtv-videos-bucket/sample/Sintel.mp4','60 min','14M'),(281,228,3,'Pedro Pascal / Coldplay','/images/snl48e3.jpg','https://commondatastorage.googleapis.com/gtv-videos-bucket/sample/Sintel.mp4','60 min','16M'),(282,229,1,'Estreno con George Clooney','/images/colbert1e1.jpg','https://commondatastorage.googleapis.com/gtv-videos-bucket/sample/Sintel.mp4','42 min','8M'),(283,229,2,'Entrevista con Joe Biden','/images/colbert1e2.jpg','https://commondatastorage.googleapis.com/gtv-videos-bucket/sample/Sintel.mp4','42 min','7M'),(284,229,3,'Monólogo político','/images/colbert1e3.jpg','https://commondatastorage.googleapis.com/gtv-videos-bucket/sample/Sintel.mp4','42 min','6M'),(285,233,1,'Elecciones especiales','/images/colbert5e1.jpg','https://commondatastorage.googleapis.com/gtv-videos-bucket/sample/Sintel.mp4','42 min','9M'),(286,233,2,'Invitado: Michelle Obama','/images/colbert5e2.jpg','https://commondatastorage.googleapis.com/gtv-videos-bucket/sample/Sintel.mp4','42 min','10M'),(287,233,3,'Sátira presidencial','/images/colbert5e3.jpg','https://commondatastorage.googleapis.com/gtv-videos-bucket/sample/Sintel.mp4','42 min','8M'),(288,236,1,'Regreso post-pandemia','/images/colbert8e1.jpg','https://commondatastorage.googleapis.com/gtv-videos-bucket/sample/Sintel.mp4','42 min','11M'),(289,236,2,'Entrevista con Tom Hanks','/images/colbert8e2.jpg','https://commondatastorage.googleapis.com/gtv-videos-bucket/sample/Sintel.mp4','42 min','9M'),(290,236,3,'Análisis de noticias','/images/colbert8e3.jpg','https://commondatastorage.googleapis.com/gtv-videos-bucket/sample/Sintel.mp4','42 min','8M'),(291,237,1,'Primera emisión histórica','/images/gma1e1.jpg','https://commondatastorage.googleapis.com/gtv-videos-bucket/sample/Sintel.mp4','120 min','5M'),(292,237,2,'Noticias matutinas','/images/gma1e2.jpg','https://commondatastorage.googleapis.com/gtv-videos-bucket/sample/Sintel.mp4','120 min','4M'),(293,237,3,'Entrevista exclusiva','/images/gma1e3.jpg','https://commondatastorage.googleapis.com/gtv-videos-bucket/sample/Sintel.mp4','120 min','4M'),(294,250,1,'Cobertura especial','/images/gma14e1.jpg','https://commondatastorage.googleapis.com/gtv-videos-bucket/sample/Sintel.mp4','120 min','6M'),(295,250,2,'Reportaje de investigación','/images/gma14e2.jpg','https://commondatastorage.googleapis.com/gtv-videos-bucket/sample/Sintel.mp4','120 min','5M'),(296,250,3,'Entrevista con celebridad','/images/gma14e3.jpg','https://commondatastorage.googleapis.com/gtv-videos-bucket/sample/Sintel.mp4','120 min','5M'),(297,283,1,'Noticias de última hora','/images/gma47e1.jpg','https://commondatastorage.googleapis.com/gtv-videos-bucket/sample/Sintel.mp4','120 min','7M'),(298,283,2,'Segmento de estilo de vida','/images/gma47e2.jpg','https://commondatastorage.googleapis.com/gtv-videos-bucket/sample/Sintel.mp4','120 min','6M'),(299,283,3,'Reportaje del tiempo','/images/gma47e3.jpg','https://commondatastorage.googleapis.com/gtv-videos-bucket/sample/Sintel.mp4','120 min','5M'),(300,284,1,'Mesa de debate inaugural','/images/view1e1.jpg','https://commondatastorage.googleapis.com/gtv-videos-bucket/sample/Sintel.mp4','60 min','4M'),(301,284,2,'Temas polémicos','/images/view1e2.jpg','https://commondatastorage.googleapis.com/gtv-videos-bucket/sample/Sintel.mp4','60 min','3M'),(302,284,3,'Entrevista con político','/images/view1e3.jpg','https://commondatastorage.googleapis.com/gtv-videos-bucket/sample/Sintel.mp4','60 min','3M'),(303,295,1,'Debate candente','/images/view12e1.jpg','https://commondatastorage.googleapis.com/gtv-videos-bucket/sample/Sintel.mp4','60 min','5M'),(304,295,2,'Invitada especial','/images/view12e2.jpg','https://commondatastorage.googleapis.com/gtv-videos-bucket/sample/Sintel.mp4','60 min','4M'),(305,295,3,'Tema de actualidad','/images/view12e3.jpg','https://commondatastorage.googleapis.com/gtv-videos-bucket/sample/Sintel.mp4','60 min','4M'),(306,300,1,'Análisis político','/images/view17e1.jpg','https://commondatastorage.googleapis.com/gtv-videos-bucket/sample/Sintel.mp4','60 min','6M'),(307,300,2,'Entrevista exclusiva','/images/view17e2.jpg','https://commondatastorage.googleapis.com/gtv-videos-bucket/sample/Sintel.mp4','60 min','5M'),(308,300,3,'Debate cultural','/images/view17e3.jpg','https://commondatastorage.googleapis.com/gtv-videos-bucket/sample/Sintel.mp4','60 min','5M'),(309,301,1,'Debate sobre actualidad','/images/view18e1.jpg','https://commondatastorage.googleapis.com/gtv-videos-bucket/sample/Sintel.mp4','60 min','5M'),(310,301,2,'Entrevista con activista','/images/view18e2.jpg','https://commondatastorage.googleapis.com/gtv-videos-bucket/sample/Sintel.mp4','60 min','4M'),(311,301,3,'Tema de salud','/images/view18e3.jpg','https://commondatastorage.googleapis.com/gtv-videos-bucket/sample/Sintel.mp4','60 min','4M'),(312,309,1,'Análisis político 2023','/images/view26e1.jpg','https://commondatastorage.googleapis.com/gtv-videos-bucket/sample/Sintel.mp4','60 min','6M'),(313,309,2,'Entrevista exclusiva','/images/view26e2.jpg','https://commondatastorage.googleapis.com/gtv-videos-bucket/sample/Sintel.mp4','60 min','5M'),(314,309,3,'Debate cultural','/images/view26e3.jpg','https://commondatastorage.googleapis.com/gtv-videos-bucket/sample/Sintel.mp4','60 min','5M'),(315,310,1,'Estreno con George Clooney','/images/kimmel1e1.jpg','https://commondatastorage.googleapis.com/gtv-videos-bucket/sample/Sintel.mp4','42 min','7M'),(316,310,2,'Mean Tweets primera edición','/images/kimmel1e2.jpg','https://commondatastorage.googleapis.com/gtv-videos-bucket/sample/Sintel.mp4','42 min','8M'),(317,310,3,'Entrevista con Matt Damon','/images/kimmel1e3.jpg','https://commondatastorage.googleapis.com/gtv-videos-bucket/sample/Sintel.mp4','42 min','6M'),(318,320,1,'Celebridades leyendo Mean Tweets','/images/kimmel11e1.jpg','https://commondatastorage.googleapis.com/gtv-videos-bucket/sample/Sintel.mp4','42 min','10M'),(319,320,2,'Entrevista con The Rock','/images/kimmel11e2.jpg','https://commondatastorage.googleapis.com/gtv-videos-bucket/sample/Sintel.mp4','42 min','9M'),(320,320,3,'Monólogo político','/images/kimmel11e3.jpg','https://commondatastorage.googleapis.com/gtv-videos-bucket/sample/Sintel.mp4','42 min','8M'),(321,329,1,'Post-Oscars special','/images/kimmel20e1.jpg','https://commondatastorage.googleapis.com/gtv-videos-bucket/sample/Sintel.mp4','42 min','12M'),(322,329,2,'Halloween candy prank','/images/kimmel20e2.jpg','https://commondatastorage.googleapis.com/gtv-videos-bucket/sample/Sintel.mp4','42 min','11M'),(323,329,3,'Entrevista con Jennifer Aniston','/images/kimmel20e3.jpg','https://commondatastorage.googleapis.com/gtv-videos-bucket/sample/Sintel.mp4','42 min','10M'),(324,330,1,'Primer episodio nacional','/images/oprah1e1.jpg','https://commondatastorage.googleapis.com/gtv-videos-bucket/sample/Sintel.mp4','45 min','15M'),(325,330,2,'Entrevista inspiradora','/images/oprah1e2.jpg','https://commondatastorage.googleapis.com/gtv-videos-bucket/sample/Sintel.mp4','45 min','12M'),(326,330,3,'Tema de superación','/images/oprah1e3.jpg','https://commondatastorage.googleapis.com/gtv-videos-bucket/sample/Sintel.mp4','45 min','11M'),(327,340,1,'Club del Libro de Oprah','/images/oprah11e1.jpg','https://commondatastorage.googleapis.com/gtv-videos-bucket/sample/Sintel.mp4','45 min','20M'),(328,340,2,'Entrevista con Mandela','/images/oprah11e2.jpg','https://commondatastorage.googleapis.com/gtv-videos-bucket/sample/Sintel.mp4','45 min','18M'),(329,340,3,'Programa sobre espiritualidad','/images/oprah11e3.jpg','https://commondatastorage.googleapis.com/gtv-videos-bucket/sample/Sintel.mp4','45 min','16M'),(330,354,1,'Última temporada especial','/images/oprah25e1.jpg','https://commondatastorage.googleapis.com/gtv-videos-bucket/sample/Sintel.mp4','45 min','25M'),(331,354,2,'Despedida emocional','/images/oprah25e2.jpg','https://commondatastorage.googleapis.com/gtv-videos-bucket/sample/Sintel.mp4','45 min','30M'),(332,354,3,'Legado y reflexiones','/images/oprah25e3.jpg','https://commondatastorage.googleapis.com/gtv-videos-bucket/sample/Sintel.mp4','45 min','22M'),(333,355,1,'Barro saltarín','/images/peppa1e1.jpg','https://commondatastorage.googleapis.com/gtv-videos-bucket/sample/BigBuckBunny.mp4','5 min','50M'),(334,355,2,'El escondite','/images/peppa1e2.jpg','https://commondatastorage.googleapis.com/gtv-videos-bucket/sample/BigBuckBunny.mp4','5 min','45M'),(335,355,3,'Papá se queda en casa','/images/peppa1e3.jpg','https://commondatastorage.googleapis.com/gtv-videos-bucket/sample/BigBuckBunny.mp4','5 min','40M'),(336,361,1,'Aventura en el espacio','/images/peppa7e1.jpg','https://commondatastorage.googleapis.com/gtv-videos-bucket/sample/BigBuckBunny.mp4','5 min','35M'),(337,361,2,'El festival de música','/images/peppa7e2.jpg','https://commondatastorage.googleapis.com/gtv-videos-bucket/sample/BigBuckBunny.mp4','5 min','32M'),(338,361,3,'Día de deportes','/images/peppa7e3.jpg','https://commondatastorage.googleapis.com/gtv-videos-bucket/sample/BigBuckBunny.mp4','5 min','30M'),(339,362,1,'Los cachorros salvan a los pajaritos','/images/paw1e1.jpg','https://commondatastorage.googleapis.com/gtv-videos-bucket/sample/BigBuckBunny.mp4','12 min','40M'),(340,362,2,'Los cachorros y la lluvia','/images/paw1e2.jpg','https://commondatastorage.googleapis.com/gtv-videos-bucket/sample/BigBuckBunny.mp4','12 min','38M'),(341,362,3,'Misión en la playa','/images/paw1e3.jpg','https://commondatastorage.googleapis.com/gtv-videos-bucket/sample/BigBuckBunny.mp4','12 min','35M'),(342,370,1,'Rescate en la ciudad','/images/paw9e1.jpg','https://commondatastorage.googleapis.com/gtv-videos-bucket/sample/BigBuckBunny.mp4','12 min','30M'),(343,370,2,'Aventura espacial','/images/paw9e2.jpg','https://commondatastorage.googleapis.com/gtv-videos-bucket/sample/BigBuckBunny.mp4','12 min','28M'),(344,370,3,'Misión de invierno','/images/paw9e3.jpg','https://commondatastorage.googleapis.com/gtv-videos-bucket/sample/BigBuckBunny.mp4','12 min','25M'),(345,371,1,'El juego de la magia','/images/bluey1e1.jpg','https://commondatastorage.googleapis.com/gtv-videos-bucket/sample/BigBuckBunny.mp4','7 min','45M'),(346,371,2,'Hospital','/images/bluey1e2.jpg','https://commondatastorage.googleapis.com/gtv-videos-bucket/sample/BigBuckBunny.mp4','7 min','42M'),(347,371,3,'Mantente en calma','/images/bluey1e3.jpg','https://commondatastorage.googleapis.com/gtv-videos-bucket/sample/BigBuckBunny.mp4','7 min','40M'),(348,373,1,'Ejercicio','/images/bluey3e1.jpg','https://commondatastorage.googleapis.com/gtv-videos-bucket/sample/BigBuckBunny.mp4','7 min','38M'),(349,373,2,'Piscina','/images/bluey3e2.jpg','https://commondatastorage.googleapis.com/gtv-videos-bucket/sample/BigBuckBunny.mp4','7 min','36M'),(350,373,3,'Cafetería','/images/bluey3e3.jpg','https://commondatastorage.googleapis.com/gtv-videos-bucket/sample/BigBuckBunny.mp4','7 min','35M'),(351,374,1,'Ruedas del autobús','/images/coco1e1.jpg','https://commondatastorage.googleapis.com/gtv-videos-bucket/sample/BigBuckBunny.mp4','3 min','80M'),(352,374,2,'ABC song','/images/coco1e2.jpg','https://commondatastorage.googleapis.com/gtv-videos-bucket/sample/BigBuckBunny.mp4','3 min','75M'),(353,374,3,'Números 1-10','/images/coco1e3.jpg','https://commondatastorage.googleapis.com/gtv-videos-bucket/sample/BigBuckBunny.mp4','3 min','70M'),(354,383,1,'Canciones de animales','/images/coco10e1.jpg','https://commondatastorage.googleapis.com/gtv-videos-bucket/sample/BigBuckBunny.mp4','3 min','60M'),(355,383,2,'Colores del arcoíris','/images/coco10e2.jpg','https://commondatastorage.googleapis.com/gtv-videos-bucket/sample/BigBuckBunny.mp4','3 min','58M'),(356,383,3,'Formas divertidas','/images/coco10e3.jpg','https://commondatastorage.googleapis.com/gtv-videos-bucket/sample/BigBuckBunny.mp4','3 min','55M'),(357,384,1,'La fiesta sorpresa de Daisy','/images/mickey1e1.jpg','https://commondatastorage.googleapis.com/gtv-videos-bucket/sample/BigBuckBunny.mp4','24 min','35M'),(358,384,2,'El desfile de Goofy','/images/mickey1e2.jpg','https://commondatastorage.googleapis.com/gtv-videos-bucket/sample/BigBuckBunny.mp4','24 min','32M'),(359,384,3,'Mickey va a la luna','/images/mickey1e3.jpg','https://commondatastorage.googleapis.com/gtv-videos-bucket/sample/BigBuckBunny.mp4','24 min','30M'),(360,388,1,'Los PJ Masks nacen','/images/pj1e1.jpg','https://commondatastorage.googleapis.com/gtv-videos-bucket/sample/BigBuckBunny.mp4','12 min','25M'),(361,388,2,'Gekko y el poder del agua','/images/pj1e2.jpg','https://commondatastorage.googleapis.com/gtv-videos-bucket/sample/BigBuckBunny.mp4','12 min','23M'),(362,388,3,'Owlette y la bola lunar','/images/pj1e3.jpg','https://commondatastorage.googleapis.com/gtv-videos-bucket/sample/BigBuckBunny.mp4','12 min','22M'),(363,393,1,'La gran tormenta','/images/dora1e1.jpg','https://commondatastorage.googleapis.com/gtv-videos-bucket/sample/BigBuckBunny.mp4','24 min','40M'),(364,393,2,'El cumpleaños de Mami','/images/dora1e2.jpg','https://commondatastorage.googleapis.com/gtv-videos-bucket/sample/BigBuckBunny.mp4','24 min','38M'),(365,393,3,'Día de playa','/images/dora1e3.jpg','https://commondatastorage.googleapis.com/gtv-videos-bucket/sample/BigBuckBunny.mp4','24 min','35M'),(366,400,1,'Aventura en la selva','/images/dora8e1.jpg','https://commondatastorage.googleapis.com/gtv-videos-bucket/sample/BigBuckBunny.mp4','24 min','30M'),(367,400,2,'Rescate animal','/images/dora8e2.jpg','https://commondatastorage.googleapis.com/gtv-videos-bucket/sample/BigBuckBunny.mp4','24 min','28M'),(368,400,3,'Viaje espacial','/images/dora8e3.jpg','https://commondatastorage.googleapis.com/gtv-videos-bucket/sample/BigBuckBunny.mp4','24 min','25M');
/*!40000 ALTER TABLE `episodio` ENABLE KEYS */;
UNLOCK TABLES;

--
-- Table structure for table `genero`
--

DROP TABLE IF EXISTS `genero`;
/*!40101 SET @saved_cs_client     = @@character_set_client */;
/*!50503 SET character_set_client = utf8mb4 */;
CREATE TABLE `genero` (
  `idGenero` int NOT NULL AUTO_INCREMENT,
  `nombre` varchar(50) NOT NULL,
  PRIMARY KEY (`idGenero`),
  UNIQUE KEY `nombre` (`nombre`)
) ENGINE=InnoDB AUTO_INCREMENT=73 DEFAULT CHARSET=utf8mb4 COLLATE=utf8mb4_0900_ai_ci;
/*!40101 SET character_set_client = @saved_cs_client */;

--
-- Dumping data for table `genero`
--

LOCK TABLES `genero` WRITE;
/*!40000 ALTER TABLE `genero` DISABLE KEYS */;
INSERT INTO `genero` VALUES (1,'Acción'),(3,'Animación'),(44,'Artes Marciales'),(2,'Aventura'),(18,'Bélico'),(24,'Biografía'),(45,'Buddy Cop'),(4,'Ciencia Ficción'),(25,'Cine Negro'),(5,'Comedia'),(46,'Coming-of-Age'),(26,'Cortometraje'),(6,'Crimen'),(47,'Cyberpunk'),(19,'Deportes'),(48,'Distopía'),(7,'Documental'),(8,'Drama'),(49,'Espionaje'),(27,'Experimental'),(28,'Falso Documental'),(20,'Familia'),(9,'Fantasía'),(50,'Fantasía Oscura'),(51,'Found Fantasy'),(29,'Found Footage'),(30,'Gótico'),(52,'Hard Science Fiction'),(53,'Heist'),(31,'Heroic Bloodshed'),(17,'Histórico'),(21,'Infantil'),(32,'Kaiju'),(54,'Magical Girl'),(55,'Mecha'),(56,'Military Science Fiction'),(11,'Misterio'),(57,'Misterio Sobrenatural'),(34,'Mocap'),(33,'Mockbuster'),(16,'Musical'),(58,'Musical Animado'),(59,'Mythology'),(60,'Neo-Noir'),(35,'Paranormal'),(36,'Policíaco'),(61,'Post-apocalíptico'),(62,'Precuela'),(37,'Psicológico'),(22,'Reality'),(63,'Recuentos de la vida'),(38,'Road Movie'),(12,'Romance'),(64,'Sitcom'),(39,'Slasher'),(65,'Sobrenatural'),(40,'Space Opera'),(66,'Steampunk'),(41,'Superhéroes'),(67,'Supernatural'),(13,'Suspenso'),(23,'Talk Show'),(68,'Tecno-thriller'),(42,'Telenovela'),(10,'Terror'),(14,'Thriller'),(69,'Tokusatsu'),(70,'Urban Fantasy'),(71,'Vampiros'),(15,'Western'),(72,'Wuxia'),(43,'Zombies');
/*!40000 ALTER TABLE `genero` ENABLE KEYS */;
UNLOCK TABLES;

--
-- Table structure for table `mi_lista`
--

DROP TABLE IF EXISTS `mi_lista`;
/*!40101 SET @saved_cs_client     = @@character_set_client */;
/*!50503 SET character_set_client = utf8mb4 */;
CREATE TABLE `mi_lista` (
  `idMiLista` int NOT NULL AUTO_INCREMENT,
  `idCuentaPerfil` int NOT NULL,
  `idContenido` int NOT NULL,
  `fechaAgregado` datetime DEFAULT CURRENT_TIMESTAMP,
  PRIMARY KEY (`idMiLista`),
  UNIQUE KEY `idCuentaPerfil` (`idCuentaPerfil`,`idContenido`),
  KEY `idContenido` (`idContenido`),
  CONSTRAINT `mi_lista_ibfk_1` FOREIGN KEY (`idCuentaPerfil`) REFERENCES `cuenta_perfil` (`idCuentaPerfil`),
  CONSTRAINT `mi_lista_ibfk_2` FOREIGN KEY (`idContenido`) REFERENCES `contenido` (`idContenido`)
) ENGINE=InnoDB AUTO_INCREMENT=6 DEFAULT CHARSET=utf8mb4 COLLATE=utf8mb4_0900_ai_ci;
/*!40101 SET character_set_client = @saved_cs_client */;

--
-- Dumping data for table `mi_lista`
--

LOCK TABLES `mi_lista` WRITE;
/*!40000 ALTER TABLE `mi_lista` DISABLE KEYS */;
/*!40000 ALTER TABLE `mi_lista` ENABLE KEYS */;
UNLOCK TABLES;

--
-- Table structure for table `pagos`
--

DROP TABLE IF EXISTS `pagos`;
/*!40101 SET @saved_cs_client     = @@character_set_client */;
/*!50503 SET character_set_client = utf8mb4 */;
CREATE TABLE `pagos` (
  `idPago` int NOT NULL AUTO_INCREMENT,
  `idCuenta` int NOT NULL,
  `idPlan` int DEFAULT NULL,
  `monto` decimal(10,2) NOT NULL,
  `fechaPago` datetime NOT NULL DEFAULT CURRENT_TIMESTAMP,
  `periodoInicio` date NOT NULL,
  `periodoFin` date NOT NULL,
  `estado` enum('Pendiente','Completado','Fallido') DEFAULT 'Pendiente',
  `metodoPago` varchar(50) DEFAULT NULL,
  `referencia` varchar(255) DEFAULT NULL,
  `detalles` text,
  PRIMARY KEY (`idPago`),
  KEY `idCuenta` (`idCuenta`),
  CONSTRAINT `pagos_ibfk_1` FOREIGN KEY (`idCuenta`) REFERENCES `cuenta` (`idCuenta`)
) ENGINE=InnoDB AUTO_INCREMENT=8 DEFAULT CHARSET=utf8mb4 COLLATE=utf8mb4_0900_ai_ci;
/*!40101 SET character_set_client = @saved_cs_client */;

--
-- Dumping data for table `pagos`
--

LOCK TABLES `pagos` WRITE;
/*!40000 ALTER TABLE `pagos` DISABLE KEYS */;
INSERT INTO `pagos` VALUES (1,1,1,6.99,'2024-01-01 10:30:00','2024-01-01','2024-02-01','Completado','Tarjeta','REF001','Pago mensual plan básico'),(2,4,1,6.99,'2024-01-15 14:20:00','2024-01-15','2024-02-15','Completado','PayPal','REF004','Pago mensual plan básico'),(3,2,2,11.99,'2024-01-05 09:15:00','2024-01-05','2024-02-05','Completado','Tarjeta','REF002','Pago mensual plan estándar'),(4,5,2,11.99,'2024-01-20 16:45:00','2024-01-20','2024-02-20','Completado','Tarjeta','REF005','Pago mensual plan estándar'),(5,3,3,19.99,'2024-01-10 11:00:00','2024-01-10','2024-02-10','Completado','Tarjeta','REF003','Pago mensual plan premium'),(6,1,1,6.99,'2024-02-01 08:00:00','2024-02-01','2024-03-01','Pendiente','Tarjeta','REF006','Renovación pendiente'),(7,2,2,11.99,'2024-01-25 13:30:00','2024-02-05','2024-03-05','Fallido','Tarjeta','REF007','Fondos insuficientes');
/*!40000 ALTER TABLE `pagos` ENABLE KEYS */;
UNLOCK TABLES;

--
-- Table structure for table `plan`
--

DROP TABLE IF EXISTS `plan`;
/*!40101 SET @saved_cs_client     = @@character_set_client */;
/*!50503 SET character_set_client = utf8mb4 */;
CREATE TABLE `plan` (
  `idPlan` int NOT NULL AUTO_INCREMENT,
  `nombre` varchar(100) NOT NULL,
  `precio` decimal(10,2) NOT NULL,
  `maxPerfil` int NOT NULL,
  `calidad` varchar(20) DEFAULT NULL,
  `tipoPlan` varchar(45) DEFAULT 'Mensual',
  `contenidoExclusivo` tinyint DEFAULT '0',
  `contenidoNuevo` tinyint DEFAULT '0',
  `sinAnuncios` tinyint DEFAULT '0',
  PRIMARY KEY (`idPlan`),
  UNIQUE KEY `nombre` (`nombre`)
) ENGINE=InnoDB AUTO_INCREMENT=4 DEFAULT CHARSET=utf8mb4 COLLATE=utf8mb4_0900_ai_ci;
/*!40101 SET character_set_client = @saved_cs_client */;

--
-- Dumping data for table `plan`
--

LOCK TABLES `plan` WRITE;
/*!40000 ALTER TABLE `plan` DISABLE KEYS */;
INSERT INTO `plan` VALUES (1,'Baico',6.99,2,'100','Mensual',0,0,1),(2,'Medio',11.99,4,'100','Mensual',1,1,1),(3,'Premium',19.99,8,'100','Mensual',1,1,1);
/*!40000 ALTER TABLE `plan` ENABLE KEYS */;
UNLOCK TABLES;

--
-- Table structure for table `rol`
--

DROP TABLE IF EXISTS `rol`;
/*!40101 SET @saved_cs_client     = @@character_set_client */;
/*!50503 SET character_set_client = utf8mb4 */;
CREATE TABLE `rol` (
  `idRol` int NOT NULL AUTO_INCREMENT,
  `rol` varchar(50) NOT NULL,
  PRIMARY KEY (`idRol`)
) ENGINE=InnoDB AUTO_INCREMENT=5 DEFAULT CHARSET=utf8mb4 COLLATE=utf8mb4_0900_ai_ci;
/*!40101 SET character_set_client = @saved_cs_client */;

--
-- Dumping data for table `rol`
--

LOCK TABLES `rol` WRITE;
/*!40000 ALTER TABLE `rol` DISABLE KEYS */;
INSERT INTO `rol` VALUES (1,'Administrador'),(2,'Participante');
/*!40000 ALTER TABLE `rol` ENABLE KEYS */;
UNLOCK TABLES;

--
-- Table structure for table `temporada`
--

DROP TABLE IF EXISTS `temporada`;
/*!40101 SET @saved_cs_client     = @@character_set_client */;
/*!50503 SET character_set_client = utf8mb4 */;
CREATE TABLE `temporada` (
  `idTemporada` int NOT NULL AUTO_INCREMENT,
  `nombre` varchar(100) NOT NULL,
  `idContenido` int NOT NULL,
  PRIMARY KEY (`idTemporada`),
  KEY `fk_contenido_idx` (`idContenido`),
  CONSTRAINT `fk_contenido` FOREIGN KEY (`idContenido`) REFERENCES `contenido` (`idContenido`)
) ENGINE=InnoDB AUTO_INCREMENT=401 DEFAULT CHARSET=utf8mb4 COLLATE=utf8mb4_0900_ai_ci;
/*!40101 SET character_set_client = @saved_cs_client */;

--
-- Dumping data for table `temporada`
--

LOCK TABLES `temporada` WRITE;
/*!40000 ALTER TABLE `temporada` DISABLE KEYS */;
INSERT INTO `temporada` VALUES (1,'Película',1),(2,'Película',2),(3,'Película',3),(4,'Película',4),(5,'Película',5),(6,'Película',6),(7,'Película',7),(8,'Película',8),(9,'Película',9),(10,'Película',10),(11,'Película',11),(12,'Película',12),(13,'Película',13),(14,'Película',14),(15,'Película',15),(16,'Película',16),(17,'Película',17),(18,'Película',18),(19,'Película',19),(20,'Película',20),(21,'Temporada 1',21),(22,'Temporada 2',21),(23,'Temporada 3',21),(24,'Temporada 4',21),(25,'Temporada 1',22),(26,'Temporada 2',22),(27,'Temporada 3',22),(28,'Temporada 1',23),(29,'Temporada 2',23),(30,'Temporada 3',23),(31,'Temporada 4',23),(32,'Temporada 5',23),(33,'Temporada 1',24),(34,'Temporada 2',24),(35,'Temporada 3',24),(36,'Temporada 4',24),(37,'Temporada 5',24),(38,'Temporada 6',24),(39,'Temporada 7',24),(40,'Temporada 8',24),(41,'Temporada 1',25),(42,'Temporada 2',25),(43,'Temporada 3',25),(44,'Temporada 4',25),(45,'Temporada 5',25),(46,'Temporada 1',26),(47,'Temporada 2',26),(48,'Temporada 3',26),(49,'Temporada 1',27),(50,'Temporada 2',27),(51,'Temporada 3',27),(52,'Temporada 4',27),(53,'Temporada 5',27),(54,'Temporada 1',28),(55,'Temporada 1',29),(56,'Temporada 1',30),(57,'Temporada 2',30),(58,'Temporada 3',30),(59,'Temporada 1',31),(60,'Temporada 2',31),(61,'Temporada 3',31),(62,'Temporada 4',31),(63,'Temporada 1',32),(64,'Temporada 2',32),(65,'Temporada 3',32),(66,'Temporada 1',34),(67,'Temporada 2',34),(68,'Temporada 3',34),(69,'Temporada 4',34),(70,'Temporada 5',34),(71,'Temporada 6',34),(72,'Temporada 1',36),(73,'Temporada 2',36),(74,'Temporada 1',37),(75,'Temporada 1',38),(76,'Temporada 2',38),(77,'Temporada 1',39),(78,'Temporada 2',39),(79,'Temporada 1',40),(80,'Temporada 1',41),(81,'Temporada 1',42),(82,'Temporada 1',43),(83,'Temporada 1',44),(84,'Temporada 1',45),(85,'Temporada 1',46),(86,'Temporada 1',47),(87,'Temporada 1',48),(88,'Temporada 1',49),(89,'Temporada 1',50),(90,'Temporada 1',51),(91,'Temporada 1',52),(92,'Temporada 2',52),(93,'Temporada 3',52),(94,'Temporada 1',53),(95,'Temporada 1',54),(96,'Temporada 1',55),(97,'Temporada 1',56),(98,'Temporada 1',57),(99,'Temporada 1',58),(100,'Temporada 1',59),(101,'Temporada 1',60),(102,'Temporada 1',61),(103,'Temporada 1',62),(104,'Temporada 1',63),(105,'Temporada 1',64),(106,'Temporada 2',64),(107,'Temporada 1',65),(108,'Temporada 1',66),(109,'Temporada 1',67),(110,'Temporada 1',68),(111,'Temporada 1',69),(112,'Temporada 1',70),(113,'Temporada 1',71),(114,'Temporada 2',71),(115,'Temporada 3',71),(116,'Temporada 4',71),(117,'Temporada 5',71),(118,'Temporada 6',71),(119,'Temporada 7',71),(120,'Temporada 8',71),(121,'Temporada 9',71),(122,'Temporada 10',71),(123,'Temporada 1',72),(124,'Temporada 2',72),(125,'Temporada 3',72),(126,'Temporada 4',72),(127,'Temporada 5',72),(128,'Temporada 6',72),(129,'Temporada 7',72),(130,'Temporada 8',72),(131,'Temporada 9',72),(132,'Temporada 10',72),(133,'Temporada 11',72),(134,'Temporada 12',72),(135,'Temporada 13',72),(136,'Temporada 14',72),(137,'Temporada 15',72),(138,'Temporada 16',72),(139,'Temporada 17',72),(140,'Temporada 18',72),(141,'Temporada 19',72),(142,'Temporada 1',73),(143,'Temporada 2',73),(144,'Temporada 3',73),(145,'Temporada 4',73),(146,'Temporada 5',73),(147,'Temporada 6',73),(148,'Temporada 7',73),(149,'Temporada 8',73),(150,'Temporada 9',73),(151,'Temporada 10',73),(152,'Temporada 11',73),(153,'Temporada 12',73),(154,'Temporada 1',74),(155,'Temporada 2',74),(156,'Temporada 3',74),(157,'Temporada 4',74),(158,'Temporada 5',74),(159,'Temporada 6',74),(160,'Temporada 7',74),(161,'Temporada 8',74),(162,'Temporada 9',74),(163,'Temporada 10',74),(164,'Temporada 11',74),(165,'Temporada 12',74),(166,'Temporada 13',74),(167,'Temporada 14',74),(168,'Temporada 15',74),(169,'Temporada 16',74),(170,'Temporada 17',74),(171,'Temporada 18',74),(172,'Temporada 19',74),(173,'Temporada 20',74),(174,'Temporada 21',74),(175,'Temporada 22',74),(176,'Temporada 23',74),(177,'Temporada 24',74),(178,'Temporada 25',74),(179,'Temporada 26',74),(180,'Temporada 27',74),(181,'Temporada 1',75),(182,'Temporada 2',75),(183,'Temporada 3',75),(184,'Temporada 4',75),(185,'Temporada 5',75),(186,'Temporada 6',75),(187,'Temporada 7',75),(188,'Temporada 8',75),(189,'Temporada 9',75),(190,'Temporada 10',75),(191,'Temporada 11',75),(192,'Temporada 12',75),(193,'Temporada 13',75),(194,'Temporada 14',75),(195,'Temporada 15',75),(196,'Temporada 16',75),(197,'Temporada 17',75),(198,'Temporada 18',75),(199,'Temporada 19',75),(200,'Temporada 20',75),(201,'Temporada 21',75),(202,'Temporada 22',75),(203,'Temporada 23',75),(204,'Temporada 24',75),(205,'Temporada 25',75),(206,'Temporada 26',75),(207,'Temporada 27',75),(208,'Temporada 28',75),(209,'Temporada 29',75),(210,'Temporada 30',75),(211,'Temporada 31',75),(212,'Temporada 32',75),(213,'Temporada 33',75),(214,'Temporada 34',75),(215,'Temporada 35',75),(216,'Temporada 36',75),(217,'Temporada 37',75),(218,'Temporada 38',75),(219,'Temporada 39',75),(220,'Temporada 40',75),(221,'Temporada 41',75),(222,'Temporada 42',75),(223,'Temporada 43',75),(224,'Temporada 44',75),(225,'Temporada 45',75),(226,'Temporada 46',75),(227,'Temporada 47',75),(228,'Temporada 48',75),(229,'Temporada 1',76),(230,'Temporada 2',76),(231,'Temporada 3',76),(232,'Temporada 4',76),(233,'Temporada 5',76),(234,'Temporada 6',76),(235,'Temporada 7',76),(236,'Temporada 8',76),(237,'Temporada 1',77),(238,'Temporada 2',77),(239,'Temporada 3',77),(240,'Temporada 4',77),(241,'Temporada 5',77),(242,'Temporada 6',77),(243,'Temporada 7',77),(244,'Temporada 8',77),(245,'Temporada 9',77),(246,'Temporada 10',77),(247,'Temporada 11',77),(248,'Temporada 12',77),(249,'Temporada 13',77),(250,'Temporada 14',77),(251,'Temporada 15',77),(252,'Temporada 16',77),(253,'Temporada 17',77),(254,'Temporada 18',77),(255,'Temporada 19',77),(256,'Temporada 20',77),(257,'Temporada 21',77),(258,'Temporada 22',77),(259,'Temporada 23',77),(260,'Temporada 24',77),(261,'Temporada 25',77),(262,'Temporada 26',77),(263,'Temporada 27',77),(264,'Temporada 28',77),(265,'Temporada 29',77),(266,'Temporada 30',77),(267,'Temporada 31',77),(268,'Temporada 32',77),(269,'Temporada 33',77),(270,'Temporada 34',77),(271,'Temporada 35',77),(272,'Temporada 36',77),(273,'Temporada 37',77),(274,'Temporada 38',77),(275,'Temporada 39',77),(276,'Temporada 40',77),(277,'Temporada 41',77),(278,'Temporada 42',77),(279,'Temporada 43',77),(280,'Temporada 44',77),(281,'Temporada 45',77),(282,'Temporada 46',77),(283,'Temporada 47',77),(284,'Temporada 1',78),(285,'Temporada 2',78),(286,'Temporada 3',78),(287,'Temporada 4',78),(288,'Temporada 5',78),(289,'Temporada 6',78),(290,'Temporada 7',78),(291,'Temporada 8',78),(292,'Temporada 9',78),(293,'Temporada 10',78),(294,'Temporada 11',78),(295,'Temporada 12',78),(296,'Temporada 13',78),(297,'Temporada 14',78),(298,'Temporada 15',78),(299,'Temporada 16',78),(300,'Temporada 17',78),(301,'Temporada 18',78),(302,'Temporada 19',78),(303,'Temporada 20',78),(304,'Temporada 21',78),(305,'Temporada 22',78),(306,'Temporada 23',78),(307,'Temporada 24',78),(308,'Temporada 25',78),(309,'Temporada 26',78),(310,'Temporada 1',79),(311,'Temporada 2',79),(312,'Temporada 3',79),(313,'Temporada 4',79),(314,'Temporada 5',79),(315,'Temporada 6',79),(316,'Temporada 7',79),(317,'Temporada 8',79),(318,'Temporada 9',79),(319,'Temporada 10',79),(320,'Temporada 11',79),(321,'Temporada 12',79),(322,'Temporada 13',79),(323,'Temporada 14',79),(324,'Temporada 15',79),(325,'Temporada 16',79),(326,'Temporada 17',79),(327,'Temporada 18',79),(328,'Temporada 19',79),(329,'Temporada 20',79),(330,'Temporada 1',80),(331,'Temporada 2',80),(332,'Temporada 3',80),(333,'Temporada 4',80),(334,'Temporada 5',80),(335,'Temporada 6',80),(336,'Temporada 7',80),(337,'Temporada 8',80),(338,'Temporada 9',80),(339,'Temporada 10',80),(340,'Temporada 11',80),(341,'Temporada 12',80),(342,'Temporada 13',80),(343,'Temporada 14',80),(344,'Temporada 15',80),(345,'Temporada 16',80),(346,'Temporada 17',80),(347,'Temporada 18',80),(348,'Temporada 19',80),(349,'Temporada 20',80),(350,'Temporada 21',80),(351,'Temporada 22',80),(352,'Temporada 23',80),(353,'Temporada 24',80),(354,'Temporada 25',80),(355,'Temporada 1',81),(356,'Temporada 2',81),(357,'Temporada 3',81),(358,'Temporada 4',81),(359,'Temporada 5',81),(360,'Temporada 6',81),(361,'Temporada 7',81),(362,'Temporada 1',82),(363,'Temporada 2',82),(364,'Temporada 3',82),(365,'Temporada 4',82),(366,'Temporada 5',82),(367,'Temporada 6',82),(368,'Temporada 7',82),(369,'Temporada 8',82),(370,'Temporada 9',82),(371,'Temporada 1',83),(372,'Temporada 2',83),(373,'Temporada 3',83),(374,'Temporada 1',84),(375,'Temporada 2',84),(376,'Temporada 3',84),(377,'Temporada 4',84),(378,'Temporada 5',84),(379,'Temporada 6',84),(380,'Temporada 7',84),(381,'Temporada 8',84),(382,'Temporada 9',84),(383,'Temporada 10',84),(384,'Temporada 1',85),(385,'Temporada 2',85),(386,'Temporada 3',85),(387,'Temporada 4',85),(388,'Temporada 1',86),(389,'Temporada 2',86),(390,'Temporada 3',86),(391,'Temporada 4',86),(392,'Temporada 5',86),(393,'Temporada 1',87),(394,'Temporada 2',87),(395,'Temporada 3',87),(396,'Temporada 4',87),(397,'Temporada 5',87),(398,'Temporada 6',87),(399,'Temporada 7',87),(400,'Temporada 8',87);
/*!40000 ALTER TABLE `temporada` ENABLE KEYS */;
UNLOCK TABLES;

--
-- Table structure for table `usuario`
--

DROP TABLE IF EXISTS `usuario`;
/*!40101 SET @saved_cs_client     = @@character_set_client */;
/*!50503 SET character_set_client = utf8mb4 */;
CREATE TABLE `usuario` (
  `idUsuario` int NOT NULL AUTO_INCREMENT,
  `googleId` varchar(300) NOT NULL,
  `nombre` varchar(100) NOT NULL,
  `email` varchar(100) NOT NULL,
  `avatar` varchar(300) DEFAULT NULL,
  `estado` enum('activo','inactivo') DEFAULT 'activo',
  `idRol` int NOT NULL DEFAULT '2',
  `createdAt` timestamp NULL DEFAULT CURRENT_TIMESTAMP,
  PRIMARY KEY (`idUsuario`),
  UNIQUE KEY `correo` (`email`),
  UNIQUE KEY `googleId_UNIQUE` (`googleId`),
  KEY `usuario_ibfk_1` (`idRol`),
  CONSTRAINT `usuario_ibfk_1` FOREIGN KEY (`idRol`) REFERENCES `rol` (`idRol`)
) ENGINE=InnoDB AUTO_INCREMENT=7 DEFAULT CHARSET=utf8mb4 COLLATE=utf8mb4_0900_ai_ci;
/*!40101 SET character_set_client = @saved_cs_client */;

--
-- Dumping data for table `usuario`
--

LOCK TABLES `usuario` WRITE;
/*!40000 ALTER TABLE `usuario` DISABLE KEYS */;
INSERT INTO `usuario` VALUES (1,'117825334618019172559','Edgar Fuentes','edgarfuentes139@gmail.com','https://lh3.googleusercontent.com/a/ACg8ocLiISmRrBkDcdT0Qvf53cUyucIk3xrQF8ASypfalfc1VHFeNA=s96-c','activo',1,'2025-11-06 04:40:26'),(2,'google123456789','Juan Pérez','juan.perez@email.com','https://avatar.com/juan','activo',2,'2025-11-24 04:06:09'),(3,'google987654321','María García','maria.garcia@email.com','https://avatar.com/maria','activo',2,'2025-11-24 04:06:09'),(4,'google555666777','Carlos López','carlos.lopez@email.com','https://avatar.com/carlos','activo',2,'2025-11-24 04:06:09'),(5,'google111222333','Ana Martínez','ana.martinez@email.com','https://avatar.com/ana','activo',2,'2025-11-24 04:06:09'),(6,'google444555666','Pedro Rodríguez','pedro.rodriguez@email.com','https://avatar.com/pedro','activo',2,'2025-11-24 04:06:09');
/*!40000 ALTER TABLE `usuario` ENABLE KEYS */;
UNLOCK TABLES;

--
-- Dumping events for database 'nextview'
--

--
-- Dumping routines for database 'nextview'
--
/*!50003 DROP PROCEDURE IF EXISTS `sp_ConfigurarContenidoAutomatico` */;
/*!50003 SET @saved_cs_client      = @@character_set_client */ ;
/*!50003 SET @saved_cs_results     = @@character_set_results */ ;
/*!50003 SET @saved_col_connection = @@collation_connection */ ;
/*!50003 SET character_set_client  = utf8mb4 */ ;
/*!50003 SET character_set_results = utf8mb4 */ ;
/*!50003 SET collation_connection  = utf8mb4_0900_ai_ci */ ;
/*!50003 SET @saved_sql_mode       = @@sql_mode */ ;
/*!50003 SET sql_mode              = 'ONLY_FULL_GROUP_BY,STRICT_TRANS_TABLES,NO_ZERO_IN_DATE,NO_ZERO_DATE,ERROR_FOR_DIVISION_BY_ZERO,NO_ENGINE_SUBSTITUTION' */ ;
DELIMITER ;;
CREATE DEFINER=`root`@`%` PROCEDURE `sp_ConfigurarContenidoAutomatico`(
    IN p_idPlan INT
)
BEGIN
    DECLARE v_contenidoNuevo TINYINT;
    DECLARE v_contenidoExclusivo TINYINT;
    
    -- 1. Obtener configuración del plan
    SELECT contenidoNuevo, contenidoExclusivo 
    INTO v_contenidoNuevo, v_contenidoExclusivo
    FROM plan
    WHERE idPlan = p_idPlan;
    
    -- 2. Primero quitar TODO el contenido existente del plan
    DELETE FROM contenido_plan WHERE idPlan = p_idPlan;
    
    -- 3. Insertar contenido según configuración CORREGIDA
    IF v_contenidoNuevo = 0 AND v_contenidoExclusivo = 0 THEN
        -- SOLO contenido REGULAR (no nuevo, no exclusivo)
        INSERT INTO contenido_plan (idContenido, idCategoria, idPlan)
        SELECT idContenido, idCategoria, p_idPlan
        FROM contenido 
        WHERE isNew = 0 AND isExclusive = 0;
        
    ELSEIF v_contenidoNuevo = 1 AND v_contenidoExclusivo = 0 THEN
        -- SOLO NUEVO: contenido nuevo NO exclusivo + contenido regular
        INSERT INTO contenido_plan (idContenido, idCategoria, idPlan)
        SELECT idContenido, idCategoria, p_idPlan
        FROM contenido 
        WHERE (isNew = 1 AND isExclusive = 0) OR (isNew = 0 AND isExclusive = 0);
        
    ELSEIF v_contenidoNuevo = 0 AND v_contenidoExclusivo = 1 THEN
        -- SOLO EXCLUSIVO: contenido exclusivo NO nuevo + contenido regular
        INSERT INTO contenido_plan (idContenido, idCategoria, idPlan)
        SELECT idContenido, idCategoria, p_idPlan
        FROM contenido 
        WHERE (isNew = 0 AND isExclusive = 1) OR (isNew = 0 AND isExclusive = 0);
        
    ELSEIF v_contenidoNuevo = 1 AND v_contenidoExclusivo = 1 THEN
        -- TODO el contenido
        INSERT INTO contenido_plan (idContenido, idCategoria, idPlan)
        SELECT idContenido, idCategoria, p_idPlan
        FROM contenido;
    END IF;
    
END ;;
DELIMITER ;
/*!50003 SET sql_mode              = @saved_sql_mode */ ;
/*!50003 SET character_set_client  = @saved_cs_client */ ;
/*!50003 SET character_set_results = @saved_cs_results */ ;
/*!50003 SET collation_connection  = @saved_col_connection */ ;
/*!40103 SET TIME_ZONE=@OLD_TIME_ZONE */;

/*!40101 SET SQL_MODE=@OLD_SQL_MODE */;
/*!40014 SET FOREIGN_KEY_CHECKS=@OLD_FOREIGN_KEY_CHECKS */;
/*!40014 SET UNIQUE_CHECKS=@OLD_UNIQUE_CHECKS */;
/*!40101 SET CHARACTER_SET_CLIENT=@OLD_CHARACTER_SET_CLIENT */;
/*!40101 SET CHARACTER_SET_RESULTS=@OLD_CHARACTER_SET_RESULTS */;
/*!40101 SET COLLATION_CONNECTION=@OLD_COLLATION_CONNECTION */;
/*!40111 SET SQL_NOTES=@OLD_SQL_NOTES */;

-- Dump completed on 2025-11-23 22:09:47
